record_id,source_id,source_record_label,exact_monomer_name,input_smiles,canonical_smiles,inchikey,rdkit_parse_ok,monomer_class,label_type,master_label_class,potential_original_V,potential_original_units,reference_electrode_original,reference_frame,reference_calibration_text,conversion_equation,conversion_to_AgAgCl_V,potential_vs_AgAgCl_V,solvent_system,solvent_name,solvent_composition,supporting_electrolyte,electrolyte_concentration_M,monomer_concentration_M,working_electrode,counter_electrode,scan_rate_mV_s,measurement_method,first_cycle_or_scan,source_doi,source_citation,source_locator,structure_locator,evidence_quote_short,experimental_measurement_id,directive_combination_id,current_model_group_id,duplicate_of_record_id,literature_cv_clean,current_pipeline_comparable,directive_quantity_eligible,onset_profile_eligible,peak_profile_eligible,native_fc_profile_eligible,production_current_status,production_ingest_recommended,production_correction_required,disposition,blocking_issue,review_notes
PROD001,SRC_REPO_BENCHMARK,data/benchmark.csv row 1,thiophene,c1ccsc1,c1ccsc1,YTPLMLYBLZKORZ-UHFFFAOYSA-N,True,,monomer_oxidation_peak,CLEAN_CV_PEAK_AGAGCL,2.05,V,Ag/AgCl (3 M NaCl aq),agagcl,identity; source already reports Ag/AgCl,identity offset 0.00 V; direct Ag/AgCl report,0.0,2.05,0.1 M TBABF4/acetonitrile,acetonitrile,,0.1 M TBABF4,0.1,,platinum disk,,100,cyclic voltammetry,source reported,J. Electroanal. Chem. 601 (2007) 68-76,A. Cihaner; A. M. Önal; Electrochemical synthesis of poly(3-bromo-4-methoxythiophene) and its device application; Journal of Electroanalytical Chemistry 601 (2007) 68-76,Table 1; Figure 1 caption; experimental section,data/benchmark.csv monomer_smiles,Production row audited against source class.,meas-05516535dbbc6f65,combo-1d2cc6525b23ccbd,model-d082228d8111acf2,,True,True,True,False,True,False,CURRENT_PRODUCTION_OK,False,False,KEEP,,Retained as the explicit monomer oxidation peak-like value; do not average with onset-style thiophene rows.
PROD002,SRC_REPO_BENCHMARK,data/benchmark.csv row 2,"3,4-dimethoxythiophene",COc1ccsc1OC,COc1ccsc1OC,JBOAELCPSXBGSR-UHFFFAOYSA-N,True,,monomer_oxidation_peak,CLEAN_CV_PEAK_AGAGCL,1.45,V,Ag/AgCl (3 M NaCl aq),agagcl,identity; source already reports Ag/AgCl,identity offset 0.00 V; direct Ag/AgCl report,0.0,1.45,0.1 M TBABF4/acetonitrile,acetonitrile,,0.1 M TBABF4,0.1,,platinum disk,,100,cyclic voltammetry,source reported,J. Electroanal. Chem. 601 (2007) 68-76,A. Cihaner; A. M. Önal; Electrochemical synthesis of poly(3-bromo-4-methoxythiophene) and its device application; Journal of Electroanalytical Chemistry 601 (2007) 68-76,Table 1; Figure 1 caption; experimental section,data/benchmark.csv monomer_smiles,Production row audited against source class.,meas-2517ca0acfe26da4,combo-3065302d77a66e9e,model-f2e687cb920bf727,,True,True,True,False,True,False,CURRENT_PRODUCTION_OK,False,False,KEEP,,Comparator row from the same direct-Ag/AgCl table.
PROD003,SRC_REPO_BENCHMARK,data/benchmark.csv row 3,"3,4-dibromothiophene",Brc1ccc(Br)s1,Brc1ccc(Br)s1,KBVDUUXRXJTAJC-UHFFFAOYSA-N,True,,monomer_oxidation_peak,CLEAN_CV_PEAK_AGAGCL,2.46,V,Ag/AgCl (3 M NaCl aq),agagcl,identity; source already reports Ag/AgCl,identity offset 0.00 V; direct Ag/AgCl report,0.0,2.46,0.1 M TBABF4/acetonitrile,acetonitrile,,0.1 M TBABF4,0.1,,platinum disk,,100,cyclic voltammetry,source reported,J. Electroanal. Chem. 601 (2007) 68-76,A. Cihaner; A. M. Önal; Electrochemical synthesis of poly(3-bromo-4-methoxythiophene) and its device application; Journal of Electroanalytical Chemistry 601 (2007) 68-76,Table 1; Figure 1 caption; experimental section,data/benchmark.csv monomer_smiles,Production row audited against source class.,meas-3910aa71f2c06fee,combo-ecb73f4b5bebb742,model-6900a6fc17754606,,True,True,True,False,True,False,CURRENT_PRODUCTION_OK,False,False,KEEP,,Comparator row from the same direct-Ag/AgCl table.
PROD004,SRC_REPO_BENCHMARK,data/benchmark.csv row 4,3-bromo-4-methoxythiophene,COc1sccc1Br,COc1sccc1Br,ROFXCQFBPVZYIH-UHFFFAOYSA-N,True,,monomer_oxidation_peak,CLEAN_CV_PEAK_AGAGCL,1.68,V,Ag/AgCl (3 M NaCl aq),agagcl,identity; source already reports Ag/AgCl,identity offset 0.00 V; direct Ag/AgCl report,0.0,1.68,0.1 M TBABF4/acetonitrile,acetonitrile,,0.1 M TBABF4,0.1,,platinum disk,,100,cyclic voltammetry,source reported,J. Electroanal. Chem. 601 (2007) 68-76,A. Cihaner; A. M. Önal; Electrochemical synthesis of poly(3-bromo-4-methoxythiophene) and its device application; Journal of Electroanalytical Chemistry 601 (2007) 68-76,Table 1; Figure 1 caption; experimental section,data/benchmark.csv monomer_smiles,Production row audited against source class.,meas-e2faeae5b931bcde,combo-567675b70763973b,model-7701c76ef2c830ed,,True,True,True,False,True,False,CURRENT_PRODUCTION_OK,False,False,KEEP,,Text and table both support a monomer oxidation peak before polymer-film growth features appear.
PROD005,SRC002,data/benchmark.csv row 5,thiophene,c1ccsc1,c1ccsc1,YTPLMLYBLZKORZ-UHFFFAOYSA-N,True,,monomer_oxidation_onset,NON_CV_STEADY_STATE,1.5,V,"Ag|AgCl, KCl(sat'd)",agagcl,identity; source already reports Ag|AgCl,identity offset 0.00 V; direct Ag|AgCl report,0.0,1.5,0.1 M TBAPF6/acetonitrile,acetonitrile,,0.1 M TBAPF6,0.1,,polycrystalline Pt disk (0.07 cm2),,100,steady-state polarization,source reported,10.1002/polb.22360,M. B. Camarada; P. Jaque; F. R. Díaz; M. A. del Valle; Oxidation Potential of Thiophene Oligomers: Theoretical and Experimental Approach; Journal of Polymer Science Part B: Polymer Physics 49 (2011) 1723-1733,Experimental measurements section; Table 5,data/benchmark.csv monomer_smiles,Production row audited against source class.,meas-d1c43a6e1c679378,combo-dfefd127bd763a7f,model-4e12423daf27d6de,,False,False,False,False,False,False,CURRENT_PRODUCTION_ONTOLOGY_ERROR,False,True,RELABEL_ONTOLOGY,"Camarada Table 5 values come from slow steady-state polarization curves, not ordinary CV onset.",Retained only as monomer_oxidation_onset; do not combine with explicit peak rows.
PROD006,SRC002,data/benchmark.csv row 6,"2,2'-bithiophene",c1csc(-c2cccs2)c1,c1csc(-c2cccs2)c1,OHZAHWOAMVVGEL-UHFFFAOYSA-N,True,,monomer_oxidation_onset,NON_CV_STEADY_STATE,1.15,V,"Ag|AgCl, KCl(sat'd)",agagcl,identity; source already reports Ag|AgCl,identity offset 0.00 V; direct Ag|AgCl report,0.0,1.15,0.1 M TBAPF6/acetonitrile,acetonitrile,,0.1 M TBAPF6,0.1,,polycrystalline Pt disk (0.07 cm2),,100,steady-state polarization,source reported,10.1002/polb.22360,M. B. Camarada; P. Jaque; F. R. Díaz; M. A. del Valle; Oxidation Potential of Thiophene Oligomers: Theoretical and Experimental Approach; Journal of Polymer Science Part B: Polymer Physics 49 (2011) 1723-1733,Experimental measurements section; Table 5,data/benchmark.csv monomer_smiles,Production row audited against source class.,meas-9f51d9f389ff8cda,combo-0ecf90b225de5655,model-03df19337a6fbe63,,False,False,False,False,False,False,CURRENT_PRODUCTION_ONTOLOGY_ERROR,False,True,RELABEL_ONTOLOGY,"Camarada Table 5 values come from slow steady-state polarization curves, not ordinary CV onset.",Retained only as monomer_oxidation_onset; do not combine with explicit peak rows.
PROD007,SRC002,data/benchmark.csv row 7,"2,2':5',2''-terthiophene",c1csc(-c2ccc(-c3cccs3)s2)c1,c1csc(-c2ccc(-c3cccs3)s2)c1,KXSFECAJUBPPFE-UHFFFAOYSA-N,True,,monomer_oxidation_onset,NON_CV_STEADY_STATE,0.88,V,"Ag|AgCl, KCl(sat'd)",agagcl,identity; source already reports Ag|AgCl,identity offset 0.00 V; direct Ag|AgCl report,0.0,0.88,0.1 M TBAPF6/acetonitrile,acetonitrile,,0.1 M TBAPF6,0.1,,polycrystalline Pt disk (0.07 cm2),,100,steady-state polarization,source reported,10.1002/polb.22360,M. B. Camarada; P. Jaque; F. R. Díaz; M. A. del Valle; Oxidation Potential of Thiophene Oligomers: Theoretical and Experimental Approach; Journal of Polymer Science Part B: Polymer Physics 49 (2011) 1723-1733,Experimental measurements section; Table 5,data/benchmark.csv monomer_smiles,Production row audited against source class.,meas-bdde1976d4982c93,combo-9a2386cd2b75a4e6,model-451b536eefbe7fdc,,False,False,False,False,False,False,CURRENT_PRODUCTION_ONTOLOGY_ERROR,False,True,RELABEL_ONTOLOGY,"Camarada Table 5 values come from slow steady-state polarization curves, not ordinary CV onset.",Retained only as monomer_oxidation_onset; do not combine with explicit peak rows.
PROD008,SRC002,data/benchmark.csv row 8,"2,2':5',2'':5'',2'''-tetrathiophene",c1csc(-c2ccc(-c3ccc(-c4cccs4)s3)s2)c1,c1csc(-c2ccc(-c3ccc(-c4cccs4)s3)s2)c1,FXEJOIFDICYSSO-UHFFFAOYSA-N,True,,monomer_oxidation_onset,NON_CV_STEADY_STATE,0.82,V,"Ag|AgCl, KCl(sat'd)",agagcl,identity; source already reports Ag|AgCl,identity offset 0.00 V; direct Ag|AgCl report,0.0,0.82,0.1 M TBAPF6/acetonitrile,acetonitrile,,0.1 M TBAPF6,0.1,,polycrystalline Pt disk (0.07 cm2),,100,steady-state polarization,source reported,10.1002/polb.22360,M. B. Camarada; P. Jaque; F. R. Díaz; M. A. del Valle; Oxidation Potential of Thiophene Oligomers: Theoretical and Experimental Approach; Journal of Polymer Science Part B: Polymer Physics 49 (2011) 1723-1733,Experimental measurements section; Table 5,data/benchmark.csv monomer_smiles,Production row audited against source class.,meas-4fd1523cb15fd4e6,combo-e40bb97d9f1e47b9,model-84ed55b03288459f,,False,False,False,False,False,False,CURRENT_PRODUCTION_ONTOLOGY_ERROR,False,True,RELABEL_ONTOLOGY,"Camarada Table 5 values come from slow steady-state polarization curves, not ordinary CV onset.",Retained only as monomer_oxidation_onset; do not combine with explicit peak rows.
PROD009,SRC002,data/benchmark.csv row 9,alpha-sexithiophene,c1csc(-c2ccc(-c3ccc(-c4ccc(-c5ccc(-c6cccs6)s5)s4)s3)s2)c1,c1csc(-c2ccc(-c3ccc(-c4ccc(-c5ccc(-c6cccs6)s5)s4)s3)s2)c1,KUJYDIFFRDAYDH-UHFFFAOYSA-N,True,,monomer_oxidation_onset,NON_CV_STEADY_STATE,0.85,V,"Ag|AgCl, KCl(sat'd)",agagcl,identity; source already reports Ag|AgCl,identity offset 0.00 V; direct Ag|AgCl report,0.0,0.85,0.1 M TBAPF6/acetonitrile,acetonitrile,,0.1 M TBAPF6,0.1,,polycrystalline Pt disk (0.07 cm2),,100,steady-state polarization,source reported,10.1002/polb.22360,M. B. Camarada; P. Jaque; F. R. Díaz; M. A. del Valle; Oxidation Potential of Thiophene Oligomers: Theoretical and Experimental Approach; Journal of Polymer Science Part B: Polymer Physics 49 (2011) 1723-1733,Experimental measurements section; Table 5,data/benchmark.csv monomer_smiles,Production row audited against source class.,meas-73b70c8c128b56b9,combo-3eaa74735cde40e9,model-806426dc23b7e117,,False,False,False,False,False,False,CURRENT_PRODUCTION_ONTOLOGY_ERROR,False,True,RELABEL_ONTOLOGY,"Camarada Table 5 values come from slow steady-state polarization curves, not ordinary CV onset.",Retained only as monomer_oxidation_onset; do not combine with explicit peak rows.
PROD010,SRC002,data/benchmark.csv row 10,thiophene,c1ccsc1,c1ccsc1,YTPLMLYBLZKORZ-UHFFFAOYSA-N,True,,monomer_oxidation_onset,NON_CV_STEADY_STATE,1.55,V,"Ag|AgCl, KCl(sat'd)",agagcl,identity; source already reports Ag|AgCl,identity offset 0.00 V; direct Ag|AgCl report,0.0,1.55,0.1 M TBAPF6/dichloromethane,DCM,,0.1 M TBAPF6,0.1,,polycrystalline Pt disk (0.07 cm2),,100,steady-state polarization,source reported,10.1002/polb.22360,M. B. Camarada; P. Jaque; F. R. Díaz; M. A. del Valle; Oxidation Potential of Thiophene Oligomers: Theoretical and Experimental Approach; Journal of Polymer Science Part B: Polymer Physics 49 (2011) 1723-1733,Experimental measurements section; Table 5,data/benchmark.csv monomer_smiles,Production row audited against source class.,meas-a83ba85cba21ec1a,combo-33eb572ed2333865,model-a54fdbd0ef0330a5,,False,False,False,False,False,False,CURRENT_PRODUCTION_ONTOLOGY_ERROR,False,True,RELABEL_ONTOLOGY,"Camarada Table 5 values come from slow steady-state polarization curves, not ordinary CV onset.",Retained only as monomer_oxidation_onset; do not combine with explicit peak rows.
PROD011,SRC002,data/benchmark.csv row 11,"2,2'-bithiophene",c1csc(-c2cccs2)c1,c1csc(-c2cccs2)c1,OHZAHWOAMVVGEL-UHFFFAOYSA-N,True,,monomer_oxidation_onset,NON_CV_STEADY_STATE,1.17,V,"Ag|AgCl, KCl(sat'd)",agagcl,identity; source already reports Ag|AgCl,identity offset 0.00 V; direct Ag|AgCl report,0.0,1.17,0.1 M TBAPF6/dichloromethane,DCM,,0.1 M TBAPF6,0.1,,polycrystalline Pt disk (0.07 cm2),,100,steady-state polarization,source reported,10.1002/polb.22360,M. B. Camarada; P. Jaque; F. R. Díaz; M. A. del Valle; Oxidation Potential of Thiophene Oligomers: Theoretical and Experimental Approach; Journal of Polymer Science Part B: Polymer Physics 49 (2011) 1723-1733,Experimental measurements section; Table 5,data/benchmark.csv monomer_smiles,Production row audited against source class.,meas-7dd3ffb9e05496b7,combo-7e352e5cfbe42e8d,model-94c73fc59a8c3c5a,,False,False,False,False,False,False,CURRENT_PRODUCTION_ONTOLOGY_ERROR,False,True,RELABEL_ONTOLOGY,"Camarada Table 5 values come from slow steady-state polarization curves, not ordinary CV onset.",Retained only as monomer_oxidation_onset; do not combine with explicit peak rows.
PROD012,SRC002,data/benchmark.csv row 12,"2,2':5',2''-terthiophene",c1csc(-c2ccc(-c3cccs3)s2)c1,c1csc(-c2ccc(-c3cccs3)s2)c1,KXSFECAJUBPPFE-UHFFFAOYSA-N,True,,monomer_oxidation_onset,NON_CV_STEADY_STATE,0.96,V,"Ag|AgCl, KCl(sat'd)",agagcl,identity; source already reports Ag|AgCl,identity offset 0.00 V; direct Ag|AgCl report,0.0,0.96,0.1 M TBAPF6/dichloromethane,DCM,,0.1 M TBAPF6,0.1,,polycrystalline Pt disk (0.07 cm2),,100,steady-state polarization,source reported,10.1002/polb.22360,M. B. Camarada; P. Jaque; F. R. Díaz; M. A. del Valle; Oxidation Potential of Thiophene Oligomers: Theoretical and Experimental Approach; Journal of Polymer Science Part B: Polymer Physics 49 (2011) 1723-1733,Experimental measurements section; Table 5,data/benchmark.csv monomer_smiles,Production row audited against source class.,meas-9ad4af76813a4ebc,combo-1cbc7e840d413016,model-78f626e3aaa457c9,,False,False,False,False,False,False,CURRENT_PRODUCTION_ONTOLOGY_ERROR,False,True,RELABEL_ONTOLOGY,"Camarada Table 5 values come from slow steady-state polarization curves, not ordinary CV onset.",Retained only as monomer_oxidation_onset; do not combine with explicit peak rows.
PROD013,SRC002,data/benchmark.csv row 13,"2,2':5',2'':5'',2'''-tetrathiophene",c1csc(-c2ccc(-c3ccc(-c4cccs4)s3)s2)c1,c1csc(-c2ccc(-c3ccc(-c4cccs4)s3)s2)c1,FXEJOIFDICYSSO-UHFFFAOYSA-N,True,,monomer_oxidation_onset,NON_CV_STEADY_STATE,0.9,V,"Ag|AgCl, KCl(sat'd)",agagcl,identity; source already reports Ag|AgCl,identity offset 0.00 V; direct Ag|AgCl report,0.0,0.9,0.1 M TBAPF6/dichloromethane,DCM,,0.1 M TBAPF6,0.1,,polycrystalline Pt disk (0.07 cm2),,100,steady-state polarization,source reported,10.1002/polb.22360,M. B. Camarada; P. Jaque; F. R. Díaz; M. A. del Valle; Oxidation Potential of Thiophene Oligomers: Theoretical and Experimental Approach; Journal of Polymer Science Part B: Polymer Physics 49 (2011) 1723-1733,Experimental measurements section; Table 5,data/benchmark.csv monomer_smiles,Production row audited against source class.,meas-140ab61119a9bbb7,combo-5a7da977c7dbdf3f,model-b77839b42c898850,,False,False,False,False,False,False,CURRENT_PRODUCTION_ONTOLOGY_ERROR,False,True,RELABEL_ONTOLOGY,"Camarada Table 5 values come from slow steady-state polarization curves, not ordinary CV onset.",Retained only as monomer_oxidation_onset; do not combine with explicit peak rows.
PROD014,SRC002,data/benchmark.csv row 14,alpha-sexithiophene,c1csc(-c2ccc(-c3ccc(-c4ccc(-c5ccc(-c6cccs6)s5)s4)s3)s2)c1,c1csc(-c2ccc(-c3ccc(-c4ccc(-c5ccc(-c6cccs6)s5)s4)s3)s2)c1,KUJYDIFFRDAYDH-UHFFFAOYSA-N,True,,monomer_oxidation_onset,NON_CV_STEADY_STATE,0.85,V,"Ag|AgCl, KCl(sat'd)",agagcl,identity; source already reports Ag|AgCl,identity offset 0.00 V; direct Ag|AgCl report,0.0,0.85,0.1 M TBAPF6/dichloromethane,DCM,,0.1 M TBAPF6,0.1,,polycrystalline Pt disk (0.07 cm2),,100,steady-state polarization,source reported,10.1002/polb.22360,M. B. Camarada; P. Jaque; F. R. Díaz; M. A. del Valle; Oxidation Potential of Thiophene Oligomers: Theoretical and Experimental Approach; Journal of Polymer Science Part B: Polymer Physics 49 (2011) 1723-1733,Experimental measurements section; Table 5,data/benchmark.csv monomer_smiles,Production row audited against source class.,meas-ab48b0de235f604b,combo-4b39a8327f6144e5,model-14f324a95097e79b,,False,False,False,False,False,False,CURRENT_PRODUCTION_ONTOLOGY_ERROR,False,True,RELABEL_ONTOLOGY,"Camarada Table 5 values come from slow steady-state polarization curves, not ordinary CV onset.",Retained only as monomer_oxidation_onset; do not combine with explicit peak rows.
PROD015,SRC_REPO_BENCHMARK,data/benchmark.csv row 15,"FSeF (4,7-di(furan-2-yl)benzo[c][1,2,5]selenadiazole)",c1ccc(o1)-c1ccc(-c2ccco2)c2n[se]nc12,c1coc(-c2ccc(-c3ccco3)c3n[se]nc23)c1,IJUUBCHDCMDDIG-UHFFFAOYSA-N,True,,monomer_oxidation_peak,CLEAN_CV_PEAK_AGAGCL,1.06,V,Ag/AgCl,agagcl,native Ag/AgCl,none (native Ag/AgCl),0.0,1.06,0.1 M TBAPF6/acetonitrile,acetonitrile,,0.1 M TBAPF6,0.1,,Pt disc 0.02 cm2,,100,cyclic voltammetry,source reported,10.1039/C3PY21061H,"M. Icli-Ozkut; H. Ipek; B. Karabay; A. Cihaner; A. M. Onal; Polym. Chem. 2013, 4, 2457-2463",Fig. 3 + Results text,data/benchmark.csv monomer_smiles,Production row audited against source class.,meas-c7f5d3191e04d8d3,combo-b981b3c54e303f1d,model-08e0d3af22c5e0fd,,True,True,True,False,True,False,CURRENT_PRODUCTION_OK,False,False,KEEP,,first-scan irreversible monomer oxidation peak before film growth; value corrected per full text (FSeF=1.06 not 1.16)
PROD016,SRC_REPO_BENCHMARK,data/benchmark.csv row 16,"FSF (4,7-di(furan-2-yl)benzo[c][1,2,5]thiadiazole)",c1ccc(o1)-c1ccc(-c2ccco2)c2nsnc12,c1coc(-c2ccc(-c3ccco3)c3nsnc23)c1,BJEBVQSFQBACNV-UHFFFAOYSA-N,True,,monomer_oxidation_peak,CLEAN_CV_PEAK_AGAGCL,1.16,V,Ag/AgCl,agagcl,native Ag/AgCl,none (native Ag/AgCl),0.0,1.16,0.1 M TBAPF6/acetonitrile,acetonitrile,,0.1 M TBAPF6,0.1,,Pt disc 0.02 cm2,,100,cyclic voltammetry,source reported,10.1039/C3PY21061H,"M. Icli-Ozkut; H. Ipek; B. Karabay; A. Cihaner; A. M. Onal; Polym. Chem. 2013, 4, 2457-2463",Fig. 3 + Results text,data/benchmark.csv monomer_smiles,Production row audited against source class.,meas-8ff08dc8e5993ec2,combo-73592660fe90dd4d,model-a9e873bb0c310a3e,,True,True,True,False,True,False,CURRENT_PRODUCTION_OK,False,False,KEEP,,first-scan irreversible monomer oxidation peak before film growth; value corrected per full text (FSF=1.16 not 1.06)
PROD017,SRC_REPO_BENCHMARK,data/benchmark.csv row 17,"DFA (9,10-di(furan-2-yl)anthracene)",c1ccc2c(c1)c(-c1ccco1)c1ccccc1c2-c1ccco1,c1coc(-c2c3ccccc3c(-c3ccco3)c3ccccc23)c1,BZJISJKSSPCDGT-UHFFFAOYSA-N,True,,monomer_oxidation_peak,CLEAN_CV_PEAK_AGAGCL,1.0,V,Ag/AgCl,agagcl,native Ag/AgCl,none (native Ag/AgCl),0.0,1.0,0.1 M TBAPF6/acetonitrile,acetonitrile,,0.1 M TBAPF6,0.1,,Pt disc 0.02 cm2,,100,cyclic voltammetry,source reported,10.55730/1300-0527.3419,"A. Kalcik; A. Kivrak; B. Bezgin Carbas; Turk. J. Chem. 2022, 46(4)",Fig. 1 + Results text,data/benchmark.csv monomer_smiles,Production row audited against source class.,meas-09b72db82c479f03,combo-865ce14a1dc587f4,model-ce488df53213b749,,True,True,True,False,True,False,CURRENT_PRODUCTION_OK,False,False,KEEP,,first of two oxidation potentials (1.00 and 1.32 V); DFA does not homopolymerize so 1.00 V is a clean soluble-monomer oxidation not a growth feature
PROD018,SRC_REPO_BENCHMARK,data/benchmark.csv row 18,"OSeO (4,7-di(furan-2-yl)benzo[c][1,2,5]selenadiazole)",c1ccc(o1)-c1ccc(-c2ccco2)c2n[se]nc12,c1coc(-c2ccc(-c3ccco3)c3n[se]nc23)c1,IJUUBCHDCMDDIG-UHFFFAOYSA-N,True,,monomer_oxidation_peak,CLEAN_CV_PEAK_AGAGCL,1.15,V,Ag/AgCl,agagcl,native Ag/AgCl,none (native Ag/AgCl),0.0,1.15,0.1 M TBA salt (UNVERIFIED)/dichloromethane,DCM,,0.1 M TBA salt (UNVERIFIED),0.1,,Pt disc (assumed),,100,cyclic voltammetry,source reported,10.1016/j.jelechem.2016.08.039,"L. C. Karabay; B. Karabay; M. S. Karakoy; A. Cihaner; J. Electroanal. Chem. 2016, 780, 84-89",abstract; CV figure (number unconfirmed),data/benchmark.csv monomer_smiles,Production row audited against source class.,meas-5aa0b21426ea5c33,combo-9a80c289a93007b0,model-ba20bc6bccc73be6,,True,True,True,False,True,False,CURRENT_PRODUCTION_OK,False,False,KEEP,,same molecule as FSeF but in DCM -> distinct group by solvent; electrolyte/scan-rate/locator unconfirmed from paywalled full text - TOLERANCE FLAG
PROD019,SRC_REPO_BENCHMARK,data/benchmark.csv row 19,"SSeS (4,7-di(thiophen-2-yl)benzo[c][1,2,5]selenadiazole)",c1ccc(s1)-c1ccc(-c2cccs2)c2n[se]nc12,c1csc(-c2ccc(-c3cccs3)c3n[se]nc23)c1,FPCWDJTVMDFDNK-UHFFFAOYSA-N,True,,monomer_oxidation_peak,CLEAN_CV_PEAK_AGAGCL,1.25,V,Ag/AgCl,agagcl,native Ag/AgCl,none (native Ag/AgCl),0.0,1.25,0.1 M TBA salt (UNVERIFIED)/dichloromethane,DCM,,0.1 M TBA salt (UNVERIFIED),0.1,,Pt disc (assumed),,100,cyclic voltammetry,source reported,10.1016/j.jelechem.2016.08.039,"L. C. Karabay; B. Karabay; M. S. Karakoy; A. Cihaner; J. Electroanal. Chem. 2016, 780, 84-89",abstract; CV figure (number unconfirmed),data/benchmark.csv monomer_smiles,Production row audited against source class.,meas-31ef7b2ac006f32f,combo-9858b49f2d5fab4e,model-341e0f9f9038e761,,True,True,True,False,True,False,CURRENT_PRODUCTION_OK,False,False,KEEP,,first-scan anodic peak of soluble D-A-D monomer; electrolyte/scan-rate/locator unconfirmed - TOLERANCE FLAG
PROD020,SRC_REPO_BENCHMARK,data/benchmark.csv row 20,"SeSeSe (4,7-di(selenophen-2-yl)benzo[c][1,2,5]selenadiazole)",c1ccc([se]1)-c1ccc(-c2ccc[se]2)c2n[se]nc12,c1c[se]c(-c2ccc(-c3ccc[se]3)c3n[se]nc23)c1,LZSSGPIXPWISPF-UHFFFAOYSA-N,True,,monomer_oxidation_peak,CLEAN_CV_PEAK_AGAGCL,1.19,V,Ag/AgCl,agagcl,native Ag/AgCl,none (native Ag/AgCl),0.0,1.19,0.1 M TBA salt (UNVERIFIED)/dichloromethane,DCM,,0.1 M TBA salt (UNVERIFIED),0.1,,Pt disc (assumed),,100,cyclic voltammetry,source reported,10.1016/j.jelechem.2016.08.039,"L. C. Karabay; B. Karabay; M. S. Karakoy; A. Cihaner; J. Electroanal. Chem. 2016, 780, 84-89",abstract; CV figure (number unconfirmed),data/benchmark.csv monomer_smiles,Production row audited against source class.,meas-23f65b7d78a736bb,combo-625da38f828ceb87,model-a60e00cef3571802,,True,True,True,False,True,False,CURRENT_PRODUCTION_OK,False,False,KEEP,,first-scan anodic peak of soluble D-A-D monomer; electrolyte/scan-rate/locator unconfirmed - TOLERANCE FLAG
PROD021,SRC_REPO_BENCHMARK,data/benchmark.csv row 21,"FTPF (5-(2-ethylhexyl)-1,3-di(furan-2-yl)-thieno[3,4-c]pyrrole-4,6-dione)",O=C1N(CC(CC)CCCC)C(=O)c2c1c(-c1ccco1)sc2-c1ccco1,CCCCC(CC)CN1C(=O)c2c(-c3ccco3)sc(-c3ccco3)c2C1=O,JFKPFMYZZLEHOH-UHFFFAOYSA-N,True,,monomer_oxidation_peak,CLEAN_CV_PEAK_AGAGCL,1.43,V,Ag/AgCl (3 M NaCl),agagcl,identity; native Ag/AgCl,identity; native Ag/AgCl,0.0,1.43,0.1 M TBAH/dichloromethane,DCM,,0.1 M TBAH (TBAPF6),0.1,,Pt disc,,100,cyclic voltammetry,source reported,10.1016/j.jelechem.2020.114000,"Cakal, Cihaner, Onal; J. Electroanal. Chem. 862 (2020) 114000","Section 3.2 + Table 1 (Eox,m and Eox,onset,m); Fig. 3a",data/benchmark.csv monomer_smiles,Production row audited against source class.,meas-a6d34e5b640b65a7,combo-f7b9b440efb32ca2,model-8cbff92714afa698,,True,True,True,False,True,False,CURRENT_PRODUCTION_OK,False,False,KEEP,,TPD D-A-D monomer; irreversible monomer oxidation peak (electropolymerization-active); read directly from PDF Table 1
PROD022,SRC_REPO_BENCHMARK,data/benchmark.csv row 22,"FTPF (5-(2-ethylhexyl)-1,3-di(furan-2-yl)-thieno[3,4-c]pyrrole-4,6-dione)",O=C1N(CC(CC)CCCC)C(=O)c2c1c(-c1ccco1)sc2-c1ccco1,CCCCC(CC)CN1C(=O)c2c(-c3ccco3)sc(-c3ccco3)c2C1=O,JFKPFMYZZLEHOH-UHFFFAOYSA-N,True,,monomer_oxidation_onset,CLEAN_CV_ONSET_AGAGCL,1.25,V,Ag/AgCl (3 M NaCl),agagcl,identity; native Ag/AgCl,identity; native Ag/AgCl,0.0,1.25,0.1 M TBAH/dichloromethane,DCM,,0.1 M TBAH (TBAPF6),0.1,,Pt disc,,100,cyclic voltammetry,source reported,10.1016/j.jelechem.2020.114000,"Cakal, Cihaner, Onal; J. Electroanal. Chem. 862 (2020) 114000","Section 3.2 + Table 1 (Eox,m and Eox,onset,m); Fig. 3a",data/benchmark.csv monomer_smiles,Production row audited against source class.,meas-8a75b15cbfaebe50,combo-f7b9b440efb32ca2,model-4e260ccf753c1b7c,,True,True,True,True,False,False,CURRENT_PRODUCTION_OK,False,False,KEEP,,"Eox,onset,m from Table 1; same molecule/solvent as the peak row but distinct onset label"
PROD023,SRC_REPO_BENCHMARK,data/benchmark.csv row 23,"TTPT (5-(2-ethylhexyl)-1,3-di(thiophen-2-yl)-thieno[3,4-c]pyrrole-4,6-dione)",O=C1N(CC(CC)CCCC)C(=O)c2c1c(-c1cccs1)sc2-c1cccs1,CCCCC(CC)CN1C(=O)c2c(-c3cccs3)sc(-c3cccs3)c2C1=O,UPCNDIGDWVKMBD-UHFFFAOYSA-N,True,,monomer_oxidation_peak,CLEAN_CV_PEAK_AGAGCL,1.56,V,Ag/AgCl (3 M NaCl),agagcl,identity; native Ag/AgCl,identity; native Ag/AgCl,0.0,1.56,0.1 M TBAH/dichloromethane,DCM,,0.1 M TBAH (TBAPF6),0.1,,Pt disc,,100,cyclic voltammetry,source reported,10.1016/j.jelechem.2020.114000,"Cakal, Cihaner, Onal; J. Electroanal. Chem. 862 (2020) 114000","Section 3.2 + Table 1 (Eox,m and Eox,onset,m); Fig. 3a",data/benchmark.csv monomer_smiles,Production row audited against source class.,meas-792371951d44b104,combo-2930f5533919166c,model-0c43c477574a4f6e,,True,True,True,False,True,False,CURRENT_PRODUCTION_OK,False,False,KEEP,,TPD D-A-D monomer; irreversible monomer oxidation peak (electropolymerization-active); read directly from PDF Table 1
PROD024,SRC_REPO_BENCHMARK,data/benchmark.csv row 24,"TTPT (5-(2-ethylhexyl)-1,3-di(thiophen-2-yl)-thieno[3,4-c]pyrrole-4,6-dione)",O=C1N(CC(CC)CCCC)C(=O)c2c1c(-c1cccs1)sc2-c1cccs1,CCCCC(CC)CN1C(=O)c2c(-c3cccs3)sc(-c3cccs3)c2C1=O,UPCNDIGDWVKMBD-UHFFFAOYSA-N,True,,monomer_oxidation_onset,CLEAN_CV_ONSET_AGAGCL,1.32,V,Ag/AgCl (3 M NaCl),agagcl,identity; native Ag/AgCl,identity; native Ag/AgCl,0.0,1.32,0.1 M TBAH/dichloromethane,DCM,,0.1 M TBAH (TBAPF6),0.1,,Pt disc,,100,cyclic voltammetry,source reported,10.1016/j.jelechem.2020.114000,"Cakal, Cihaner, Onal; J. Electroanal. Chem. 862 (2020) 114000","Section 3.2 + Table 1 (Eox,m and Eox,onset,m); Fig. 3a",data/benchmark.csv monomer_smiles,Production row audited against source class.,meas-078febbe3cc69b3e,combo-2930f5533919166c,model-db8d9635fd2225dc,,True,True,True,True,False,False,CURRENT_PRODUCTION_OK,False,False,KEEP,,"Eox,onset,m from Table 1; same molecule/solvent as the peak row but distinct onset label"
PROD025,SRC_REPO_BENCHMARK,data/benchmark.csv row 25,"STPS (5-(2-ethylhexyl)-1,3-di(selenophen-2-yl)-thieno[3,4-c]pyrrole-4,6-dione)",O=C1N(CC(CC)CCCC)C(=O)c2c1c(-c1ccc[se]1)sc2-c1ccc[se]1,CCCCC(CC)CN1C(=O)c2c(-c3ccc[se]3)sc(-c3ccc[se]3)c2C1=O,ARDURFBOSZRHGX-UHFFFAOYSA-N,True,,monomer_oxidation_peak,CLEAN_CV_PEAK_AGAGCL,1.52,V,Ag/AgCl (3 M NaCl),agagcl,identity; native Ag/AgCl,identity; native Ag/AgCl,0.0,1.52,0.1 M TBAH/dichloromethane,DCM,,0.1 M TBAH (TBAPF6),0.1,,Pt disc,,100,cyclic voltammetry,source reported,10.1016/j.jelechem.2020.114000,"Cakal, Cihaner, Onal; J. Electroanal. Chem. 862 (2020) 114000","Section 3.2 + Table 1 (Eox,m and Eox,onset,m); Fig. 3a",data/benchmark.csv monomer_smiles,Production row audited against source class.,meas-9a45dc49ef010184,combo-969cc520ce250be4,model-a53ee3e88bcbea03,,True,True,True,False,True,False,CURRENT_PRODUCTION_OK,False,False,KEEP,,TPD D-A-D monomer; irreversible monomer oxidation peak (electropolymerization-active); read directly from PDF Table 1
PROD026,SRC_REPO_BENCHMARK,data/benchmark.csv row 26,"STPS (5-(2-ethylhexyl)-1,3-di(selenophen-2-yl)-thieno[3,4-c]pyrrole-4,6-dione)",O=C1N(CC(CC)CCCC)C(=O)c2c1c(-c1ccc[se]1)sc2-c1ccc[se]1,CCCCC(CC)CN1C(=O)c2c(-c3ccc[se]3)sc(-c3ccc[se]3)c2C1=O,ARDURFBOSZRHGX-UHFFFAOYSA-N,True,,monomer_oxidation_onset,CLEAN_CV_ONSET_AGAGCL,1.25,V,Ag/AgCl (3 M NaCl),agagcl,identity; native Ag/AgCl,identity; native Ag/AgCl,0.0,1.25,0.1 M TBAH/dichloromethane,DCM,,0.1 M TBAH (TBAPF6),0.1,,Pt disc,,100,cyclic voltammetry,source reported,10.1016/j.jelechem.2020.114000,"Cakal, Cihaner, Onal; J. Electroanal. Chem. 862 (2020) 114000","Section 3.2 + Table 1 (Eox,m and Eox,onset,m); Fig. 3a",data/benchmark.csv monomer_smiles,Production row audited against source class.,meas-2a3d38e38939c7ad,combo-969cc520ce250be4,model-c5dba8c763d0d371,,True,True,True,True,False,False,CURRENT_PRODUCTION_OK,False,False,KEEP,,"Eox,onset,m from Table 1; same molecule/solvent as the peak row but distinct onset label"
PROD027,SRC004,data/benchmark.csv row 27,"3,6-di(2-furyl)-9H-carbazole (M1)",c1ccc(o1)-c1ccc2[nH]c3ccc(-c4ccco4)cc3c2c1,c1coc(-c2ccc3[nH]c4ccc(-c5ccco5)cc4c3c2)c1,YPYIESORSNBJHB-UHFFFAOYSA-N,True,,monomer_oxidation_peak,CLEAN_CV_PEAK_AGAGCL,1.0,V,Ag/AgCl (3 M NaCl),agagcl,identity; native Ag/AgCl,identity; native Ag/AgCl,0.0,1.0,0.1 M TBAH/acetonitrile,acetonitrile,,0.1 M TBAH (TBAPF6),0.1,,Pt,,,cyclic voltammetry,source reported,10.1016/j.jelechem.2015.04.041,"Oguzturk, Tirkes, Onal; J. Electroanal. Chem. 750 (2015) 1-8","Section 3.2; Fig. 2 discussion (M1 1.0, M2 0.93, M3 0.98, M4 1.08 V vs Ag/AgCl)",data/benchmark.csv monomer_smiles,Production row audited against source class.,meas-5cb4bd7199a8788d,combo-e1c7488b9d8a17d9,model-6a9a4ef3ac99555f,,True,True,True,False,True,False,CURRENT_PRODUCTION_OK,False,False,KEEP,,"first-anodic-scan irreversible monomer oxidation peak; values explicit in journal text (M3=0.98 V, no conflict in published version); paper states '1.0 V' (1 decimal)"
PROD028,SRC004,data/benchmark.csv row 28,"3,6-di(2-furyl)-9-ethyl-carbazole (M2)",c1ccc(o1)-c1ccc2n(CC)c3ccc(-c4ccco4)cc3c2c1,CCn1c2ccc(-c3ccco3)cc2c2cc(-c3ccco3)ccc21,MSFQALXDQDWFKQ-UHFFFAOYSA-N,True,,monomer_oxidation_peak,CLEAN_CV_PEAK_AGAGCL,0.93,V,Ag/AgCl (3 M NaCl),agagcl,identity; native Ag/AgCl,identity; native Ag/AgCl,0.0,0.93,0.1 M TBAH/acetonitrile,acetonitrile,,0.1 M TBAH (TBAPF6),0.1,,Pt,,,cyclic voltammetry,source reported,10.1016/j.jelechem.2015.04.041,"Oguzturk, Tirkes, Onal; J. Electroanal. Chem. 750 (2015) 1-8","Section 3.2; Fig. 2 discussion (M1 1.0, M2 0.93, M3 0.98, M4 1.08 V vs Ag/AgCl)",data/benchmark.csv monomer_smiles,Production row audited against source class.,meas-e9e276ec04b447ab,combo-2609d57adaef7df0,model-75794df9a30731bc,,True,True,True,False,True,False,CURRENT_PRODUCTION_OK,False,False,KEEP,,"first-anodic-scan irreversible monomer oxidation peak; values explicit in journal text (M3=0.98 V, no conflict in published version)"
PROD029,SRC004,data/benchmark.csv row 29,"2,7-di(2-furyl)-9H-carbazole (M3)",c1ccc(o1)-c1ccc2c(c1)[nH]c1cc(-c3ccco3)ccc12,c1coc(-c2ccc3c(c2)[nH]c2cc(-c4ccco4)ccc23)c1,PWFCGUMOFHJBAE-UHFFFAOYSA-N,True,,monomer_oxidation_peak,CLEAN_CV_PEAK_AGAGCL,0.98,V,Ag/AgCl (3 M NaCl),agagcl,identity; native Ag/AgCl,identity; native Ag/AgCl,0.0,0.98,0.1 M TBAH/acetonitrile,acetonitrile,,0.1 M TBAH (TBAPF6),0.1,,Pt,,,cyclic voltammetry,source reported,10.1016/j.jelechem.2015.04.041,"Oguzturk, Tirkes, Onal; J. Electroanal. Chem. 750 (2015) 1-8","Section 3.2; Fig. 2 discussion (M1 1.0, M2 0.93, M3 0.98, M4 1.08 V vs Ag/AgCl)",data/benchmark.csv monomer_smiles,Production row audited against source class.,meas-3d7fe89073739d3a,combo-45aaa6a4a865de96,model-648b3ed0dd4a58ac,,True,True,True,False,True,False,CURRENT_PRODUCTION_OK,False,False,KEEP,,"first-anodic-scan irreversible monomer oxidation peak; values explicit in journal text (M3=0.98 V, no conflict in published version)"
PROD030,SRC004,data/benchmark.csv row 30,"2,7-di(2-furyl)-9-(tridecan-7-yl)-9H-carbazole (M4)",c1ccc(o1)-c1ccc2c(c1)n(C(CCCCCC)CCCCCC)c1cc(-c3ccco3)ccc12,CCCCCCC(CCCCCC)n1c2cc(-c3ccco3)ccc2c2ccc(-c3ccco3)cc21,IYXHMAVVYRMDPJ-UHFFFAOYSA-N,True,,monomer_oxidation_peak,CLEAN_CV_PEAK_AGAGCL,1.08,V,Ag/AgCl (3 M NaCl),agagcl,identity; native Ag/AgCl,identity; native Ag/AgCl,0.0,1.08,0.1 M TBAH/acetonitrile,acetonitrile,,0.1 M TBAH (TBAPF6),0.1,,Pt,,,cyclic voltammetry,source reported,10.1016/j.jelechem.2015.04.041,"Oguzturk, Tirkes, Onal; J. Electroanal. Chem. 750 (2015) 1-8","Section 3.2; Fig. 2 discussion (M1 1.0, M2 0.93, M3 0.98, M4 1.08 V vs Ag/AgCl)",data/benchmark.csv monomer_smiles,Production row audited against source class.,meas-fc57ea5a632b5cdf,combo-45b7b6c87f3a54bf,model-4217dbf0938eb79d,,True,True,True,False,True,False,CURRENT_PRODUCTION_OK,False,False,KEEP,,"first-anodic-scan irreversible monomer oxidation peak; values explicit in journal text (M3=0.98 V, no conflict in published version)"
PROD031,SRC_REPO_BENCHMARK,data/benchmark.csv row 31,"5,7-di(thiophen-2-yl)-2,3-dihydro-1H-pyrrolo[3,4-d]pyridazine-1,4(6H)-dione (cpd 5)",O=C1NNC(=O)c2c(-c3cccs3)[nH]c(-c3cccs3)c12,O=c1[nH][nH]c(=O)c2c(-c3cccs3)[nH]c(-c3cccs3)c12,PVUVHHZLZXIIRH-UHFFFAOYSA-N,True,,monomer_oxidation_peak,CLEAN_CV_PEAK_AGAGCL,1.08,V,Ag/AgCl (3 M NaCl),agagcl,identity; native Ag/AgCl,identity; native Ag/AgCl,0.0,1.08,0.1 M LiClO4/acetonitrile,acetonitrile,,0.1 M LiClO4,0.1,,ITO or Pt,,,cyclic voltammetry,source reported,10.1007/s10895-016-1978-x,"Algi, Oztas, Tirkes, Cihaner, Algi; J. Fluoresc. 27 (2017) 509-519","Abstract + Results (compounds 5,6)",data/benchmark.csv monomer_smiles,Production row audited against source class.,meas-c12a0865f8e2e0b2,combo-ce17b20c7faa31ef,model-add182f19828c14c,,True,True,True,False,True,False,CURRENT_PRODUCTION_OK,False,False,KEEP,,"verbatim '1.08 V and 1.33 V vs Ag/AgCl'; provenance = deep-research verbatim quote, primary PDF not yet personally re-read"
PROD032,SRC_REPO_BENCHMARK,data/benchmark.csv row 32,"6-phenyl-5,7-di(thiophen-2-yl)-2,3-dihydro-1H-pyrrolo[3,4-d]pyridazine-1,4(6H)-dione (cpd 6)",O=C1NNC(=O)c2c(-c3cccs3)n(-c3ccccc3)c(-c4cccs4)c12,O=c1[nH][nH]c(=O)c2c(-c3cccs3)n(-c3ccccc3)c(-c3cccs3)c12,PSLYYVMPUKKLDS-UHFFFAOYSA-N,True,,monomer_oxidation_peak,CLEAN_CV_PEAK_AGAGCL,1.33,V,Ag/AgCl (3 M NaCl),agagcl,identity; native Ag/AgCl,identity; native Ag/AgCl,0.0,1.33,0.1 M LiClO4/acetonitrile,acetonitrile,,0.1 M LiClO4,0.1,,ITO or Pt,,,cyclic voltammetry,source reported,10.1007/s10895-016-1978-x,"Algi, Oztas, Tirkes, Cihaner, Algi; J. Fluoresc. 27 (2017) 509-519","Abstract + Results (compounds 5,6)",data/benchmark.csv monomer_smiles,Production row audited against source class.,meas-97d2144620dfe63f,combo-237ba1f0dc8d7785,model-393746e37f334a64,,True,True,True,False,True,False,CURRENT_PRODUCTION_OK,False,False,KEEP,,"verbatim '1.08 V and 1.33 V vs Ag/AgCl'; provenance = deep-research verbatim quote, primary PDF not yet personally re-read"
PROD033,SRC_REPO_BENCHMARK,data/benchmark.csv row 33,"dithieno[3,2-b:2',3'-d]pyrrole",c1cc2[nH]c3ccsc3c2s1,c1cc2[nH]c3ccsc3c2s1,VBSAGAKIMFPMFV-UHFFFAOYSA-N,True,,monomer_oxidation_peak,CLEAN_CV_PEAK_AGAGCL,0.52,V,Ag/AgCl,agagcl,identity; source already reports Ag/AgCl,identity offset 0.00 V; direct Ag/AgCl report,0.0,0.52,0.1 M TEAP/acetonitrile,acetonitrile,,0.1 M TEAP,0.1,,ITO,,,cyclic voltammetry,source reported,Prog. Polym. Sci. 38 (2013) 1773; Eur. Polym. J. 2023 DTP review (PII S0014305723008832),"Berlin, Pagani, Zotti, Schiavon 1992 (first CV oxidation peak 'about 0.52 V' vs Ag/AgCl, 0.1 M TEAP/MeCN, ITO); reviewed in S. C. Rasmussen and S. J. Evenson, Prog. Polym. Sci. 38 (2013) 1773; cross-ref Eur. Polym. J. 2023 DTP review","DTP synthesis/electrochemistry discussion citing Berlin et al. 1992 first-CV oxidation peak (Rasmussen & Evenson, Prog. Polym. Sci. 2013, sect. on DTP)",data/benchmark.csv monomer_smiles,Production row audited against source class.,meas-b4bd3cbc773e5f70,combo-4041b80292fa5327,model-7d9bcf9a233a23cf,,True,True,True,False,True,False,CURRENT_PRODUCTION_OK,False,False,KEEP,,"DTP cleanest low-Eox donor lead; value reported as 'about 0.52 V'; ITO working electrode. Tier B -> enriches agagcl_peak_relaxed only, not the tier-A strict peak set."
PROD034,SRC_REPO_BENCHMARK,data/benchmark.csv row 34,3-methylthiophene,Cc1ccsc1,Cc1ccsc1,QENGPZGAWFQWCZ-UHFFFAOYSA-N,True,,monomer_oxidation_onset,CLEAN_CV_ONSET_AGAGCL,1.55,V,SCE,agagcl,SCE->Ag/AgCl +0.044 V (aqueous approx; nonaqueous LJ caveat),SCE->Ag/AgCl +0.044 V,0.044,1.594,TBA salt/acetonitrile,acetonitrile,,TBA salt (conc. not stated),,,,,,cyclic voltammetry,source reported,J. Phys. Chem. 88 (1984) 4343,"R. J. Waltman, A. F. Diaz, J. Bargon, J. Phys. Chem. 88 (1984) 4343 (primary substituent-effect family table); 3-methylthiophene 'about 1.55 V vs SCE' in acetonitrile","Waltman, Diaz & Bargon 1984, substituent-effect oxidation-potential family table (3-methylthiophene ~1.55 V vs SCE in MeCN)",data/benchmark.csv monomer_smiles,Production row audited against source class.,meas-b8ed939bd28a8057,combo-7de6d198f53f8809,model-a0ddde1698f9b681,,True,True,True,True,False,False,CURRENT_PRODUCTION_OK,False,False,KEEP,,Native 1.55 V vs SCE -> +0.044 -> 1.594 V vs Ag/AgCl. Onset (not peak); electrolyte conc./electrode/scan rate not all stated. Tier B -> enriches agagcl_onset_relaxed only.
PROD035,SRC_REPO_BENCHMARK,data/benchmark.csv row 35,aniline,Nc1ccccc1,Nc1ccccc1,PAYRUJLWNCNPSJ-UHFFFAOYSA-N,True,,monomer_oxidation_peak,CLEAN_CV_PEAK_AGAGCL,0.96,V,Ag/AgCl,agagcl,identity; native Ag/AgCl,identity; native Ag/AgCl,0.0,0.96,0.1 M LiBF4/acetonitrile,acetonitrile,,0.1 M LiBF4,0.1,,Pt,,,cyclic voltammetry,source reported,10.1016/S0014-3057(04)00309-X,aniline-thiophene copolymer study (research partD row 15); DOI 10.1016/S0014-3057(04)00309-X,aniline monomer first anodic oxidation peak; exact figure/table not specified in research partD,data/benchmark.csv monomer_smiles,Production row audited against source class.,meas-bd396675cd32a587,combo-13a77a33f58770c0,model-1b9244a86eddb852,,True,True,True,False,True,False,CURRENT_PRODUCTION_OK,False,False,KEEP,,Native Ag/AgCl aniline monomer oxidation peak in MeCN; Bucket A per research partD. Tier B: native Ag/AgCl peak but exact primary figure/table not pinned in the research doc (confirm locator to consider tier A).
PROD036,SRC_REPO_BENCHMARK,data/benchmark.csv row 36,3-methylselenophene,Cc1cc[se]c1,Cc1cc[se]c1,AZBHGKRVIRJVQG-UHFFFAOYSA-N,True,,monomer_oxidation_onset,CLEAN_CV_ONSET_AGAGCL,1.17,V,Ag/AgCl,agagcl,identity; native Ag/AgCl,identity; native Ag/AgCl,0.0,1.17,TBAPF6/dichloromethane,DCM,,TBAPF6,,,,,,cyclic voltammetry,source reported,10.1016/j.matlet.2020.127456,3-MeSe-EDOT hybrid study (research partD row 25); Materials Letters; DOI 10.1016/j.matlet.2020.127456,3-methylselenophene monomer oxidation onset; exact figure/table not specified in research partD,data/benchmark.csv monomer_smiles,Production row audited against source class.,meas-c0efff1fe10629af,combo-24dcfc7466f0877e,model-fd589d4a405d81db,,True,True,True,True,False,False,CURRENT_PRODUCTION_OK,False,False,KEEP,,"Native Ag/AgCl 3-methylselenophene monomer oxidation onset in DCM; Bucket A per research partD. Tier B: onset, non-MeCN solvent, medium confidence."
PROD037,SRC_REPO_BENCHMARK,data/benchmark.csv row 37,diphenylamine,c1ccc(Nc2ccccc2)cc1,c1ccc(Nc2ccccc2)cc1,DMBHHRLKUKUOEG-UHFFFAOYSA-N,True,,monomer_oxidation_peak,CLEAN_CV_PEAK_AGAGCL,0.83,V,SCE,agagcl,"SCE->Ag/AgCl +0.045 V (Pavlishchuk & Addison 2000, DOI 10.1016/S0020-1693(99)00407-7)","SCE->Ag/AgCl +0.045 V (Pavlishchuk & Addison 2000, DOI 10.1016/S0020-1693(99)00407-7)",0.045,0.875,acetonitrile,acetonitrile,,,,,rotating Pt,,,cyclic voltammetry,source reported,10.1016/0026-265X(67)90012-4,aromatic-amine oxidation (research partD row 19); DOI 10.1016/0026-265X(67)90012-4,diphenylamine oxidation peak (research partD row 19); exact table not pinned,data/benchmark.csv monomer_smiles,Production row audited against source class.,meas-269651a0b2a82b55,combo-bdf9dc2566527948,model-26d5a54c91962ff4,,True,True,True,False,True,False,CURRENT_PRODUCTION_OK,False,False,KEEP,,"diphenylamine monomer oxidation peak (Epa); SCE->Ag/AgCl +0.045 V (P&A 2000); carries ~0.05-0.15 V liquid-junction floor. Promoted from candidates (decide-and-report; tier B, relaxed track only). Screening-grade."
PROD038,SRC_REPO_BENCHMARK,data/benchmark.csv row 38,3-ethylcarbazole,CCc1ccc2c(c1)[nH]c1ccccc12,CCc1ccc2c(c1)[nH]c1ccccc12,MLTJHZTUKWUPTG-UHFFFAOYSA-N,True,,monomer_oxidation_peak,CLEAN_CV_PEAK_AGAGCL,1.04,V,SCE,agagcl,"SCE->Ag/AgCl +0.045 V (Pavlishchuk & Addison 2000, DOI 10.1016/S0020-1693(99)00407-7)","SCE->Ag/AgCl +0.045 V (Pavlishchuk & Addison 2000, DOI 10.1016/S0020-1693(99)00407-7)",0.045,1.085,acetonitrile,acetonitrile,,,,,Pt,,100,cyclic voltammetry,source reported,10.1016/j.jelechem.2021.115520,"3,6-substituted carbazoles (research partD row 21); DOI 10.1016/j.jelechem.2021.115520",3-ethylcarbazole first anodic scan peak (research partD row 21); exact figure not pinned,data/benchmark.csv monomer_smiles,Production row audited against source class.,meas-e2532b0dfb457267,combo-63362df9082ada22,model-f29aa8541c6a753d,,True,True,True,False,True,False,CURRENT_PRODUCTION_OK,False,False,KEEP,,"3-ethylcarbazole first-scan monomer oxidation peak (Epa); SCE->Ag/AgCl +0.045 V (P&A 2000); carries ~0.05-0.15 V liquid-junction floor. Promoted from candidates (decide-and-report; tier B, relaxed track only). Screening-grade."
PROD039,SRC_REPO_BENCHMARK,data/benchmark.csv row 39,N-vinylcarbazole,C=Cn1c2ccccc2c2ccccc21,C=Cn1c2ccccc2c2ccccc21,KKFHAJHLJHVUDM-UHFFFAOYSA-N,True,,monomer_oxidation_onset,CLEAN_CV_ONSET_AGAGCL,0.8,V,SCE,agagcl,"SCE->Ag/AgCl +0.045 V (Pavlishchuk & Addison 2000, DOI 10.1016/S0020-1693(99)00407-7)","SCE->Ag/AgCl +0.045 V (Pavlishchuk & Addison 2000, DOI 10.1016/S0020-1693(99)00407-7)",0.045,0.845,LiClO4/acetonitrile,acetonitrile,,LiClO4,,,Pt/ITO,,10,cyclic voltammetry,source reported,10.1515/epoly-2017-0105,PVK electropolymerization (research partD row 22); DOI 10.1515/epoly-2017-0105,N-vinylcarbazole onset (research partD row 22); exact figure not pinned,data/benchmark.csv monomer_smiles,Production row audited against source class.,meas-961426d8276c553d,combo-d54b399a1456f24c,model-5a9d680735daaaa8,,True,True,True,True,False,False,CURRENT_PRODUCTION_OK,False,False,KEEP,,"N-vinylcarbazole monomer oxidation onset; SCE->Ag/AgCl +0.045 V (P&A 2000); carries ~0.05-0.15 V liquid-junction floor. Promoted from candidates (decide-and-report; tier B, relaxed/onset track only). Screening-grade."
R11,SRC006,EDOT-PT,"4,7-bis(2,3-dihydrothieno[3,4-b][1,4]dioxin-5-yl)-[1,2,5]thiadiazolo[3,4-c]pyridine",c1sc(-c2cnc(-c3scc4c3OCCO4)c3nsnc23)c2c1OCCO2,c1sc(-c2cnc(-c3scc4c3OCCO4)c3nsnc23)c2c1OCCO2,ZGAIFZWQACXIJT-UHFFFAOYSA-N,True,thiadiazolopyridine_donor_acceptor,monomer_oxidation_onset,MIXED_SOLVENT_PARKED,0.94,V,Ag wire pseudo-reference,pseudo_sce_to_agagcl,"Ag wire (0.02 V vs. SCE.) as pseudo-reference electrode; before and after each experiment, the silver pseudo reference was calibrated versus the ferrocene redox couple and then adjusted to match the SCE reference potential.",E_AgAgCl = E_original + 0.065 V,0.06499999999999995,1.005,ACN/DCM,ACN/DCM,1:1 v/v,TBAPF6,0.2,0.005,"Pt wire, 0.5 mm diameter",,100.0,cyclic voltammetry,first scan,,"Liu, X.; Kong, L.; Zhang, Y.; Ju, X.; Zhao, J.; Li, Y. Novel Donor-acceptor Type Electrochromic Polymers based on [1,2,5]thiadiazolo[3,4-c] pyridine as the acceptor unit. International Journal of Electrochemical Science 2016, 11(1), 343-358.",Section 3.2; Figure 1; Table 1 (pp. 349 and 353 of PDF),Scheme 1; Sections 2.2.3 and 2.2.6,"No source formula was provided; retained analytical locator for human review. Analytical locator: Sections 2.2.4-2.2.6; 1H and 13C NMR only. No DOI found, but durable article/PDF provenance is recorded. Approved reference conversion reproduced exactly.",meas-1038cd1d2dfb27ff,combo-d8f6d8ef29997832,model-68eadf73f4d88068,,False,False,False,False,False,False,STAGING_REVIEW_ONLY,False,False,PARK,Mixed ACN/DCM pseudo-reference row remains staging-only for master closure.,"No source formula was provided; retained analytical locator for human review. Analytical locator: Sections 2.2.4-2.2.6; 1H and 13C NMR only. No DOI found, but durable article/PDF provenance is recorded. Approved reference conversion reproduced exactly."
R12,SRC006,MTTP,"4,7-bis(4-methylthiophen-2-yl)-[1,2,5]thiadiazolo[3,4-c]pyridine",Cc1csc(-c2cnc(-c3cc(C)cs3)c3nsnc23)c1,Cc1csc(-c2cnc(-c3cc(C)cs3)c3nsnc23)c1,VPUPDMQVNTVSDC-UHFFFAOYSA-N,True,thiadiazolopyridine_donor_acceptor,monomer_oxidation_onset,MIXED_SOLVENT_PARKED,1.32,V,Ag wire pseudo-reference,pseudo_sce_to_agagcl,"Ag wire (0.02 V vs. SCE.) as pseudo-reference electrode; before and after each experiment, the silver pseudo reference was calibrated versus the ferrocene redox couple and then adjusted to match the SCE reference potential.",E_AgAgCl = E_original + 0.065 V,0.06499999999999995,1.385,ACN/DCM,ACN/DCM,1:1 v/v,TBAPF6,0.2,0.005,"Pt wire, 0.5 mm diameter",,100.0,cyclic voltammetry,first scan,,"Liu, X.; Kong, L.; Zhang, Y.; Ju, X.; Zhao, J.; Li, Y. Novel Donor-acceptor Type Electrochromic Polymers based on [1,2,5]thiadiazolo[3,4-c] pyridine as the acceptor unit. International Journal of Electrochemical Science 2016, 11(1), 343-358.",Section 3.2; Figure 1; Table 1 (pp. 349 and 353 of PDF),Scheme 1; Sections 2.2.3 and 2.2.4,"No source formula was provided; retained analytical locator for human review. Analytical locator: Sections 2.2.4-2.2.6; 1H and 13C NMR only. No DOI found, but durable article/PDF provenance is recorded. Approved reference conversion reproduced exactly.",meas-12475b20c5003346,combo-3a92aee5a6367238,model-97a14729824a470a,,False,False,False,False,False,False,STAGING_REVIEW_ONLY,False,False,PARK,Mixed ACN/DCM pseudo-reference row remains staging-only for master closure.,"No source formula was provided; retained analytical locator for human review. Analytical locator: Sections 2.2.4-2.2.6; 1H and 13C NMR only. No DOI found, but durable article/PDF provenance is recorded. Approved reference conversion reproduced exactly."
R13,SRC006,BTTP,"4,7-bis(4-butylthiophen-2-yl)-[1,2,5]thiadiazolo[3,4-c]pyridine",CCCCc1csc(-c2cnc(-c3cc(CCCC)cs3)c3nsnc23)c1,CCCCc1csc(-c2cnc(-c3cc(CCCC)cs3)c3nsnc23)c1,QZBIBWBMGQVCOI-UHFFFAOYSA-N,True,thiadiazolopyridine_donor_acceptor,monomer_oxidation_onset,MIXED_SOLVENT_PARKED,1.28,V,Ag wire pseudo-reference,pseudo_sce_to_agagcl,"Ag wire (0.02 V vs. SCE.) as pseudo-reference electrode; before and after each experiment, the silver pseudo reference was calibrated versus the ferrocene redox couple and then adjusted to match the SCE reference potential.",E_AgAgCl = E_original + 0.065 V,0.06499999999999995,1.345,ACN/DCM,ACN/DCM,1:1 v/v,TBAPF6,0.2,0.005,"Pt wire, 0.5 mm diameter",,100.0,cyclic voltammetry,first scan,,"Liu, X.; Kong, L.; Zhang, Y.; Ju, X.; Zhao, J.; Li, Y. Novel Donor-acceptor Type Electrochromic Polymers based on [1,2,5]thiadiazolo[3,4-c] pyridine as the acceptor unit. International Journal of Electrochemical Science 2016, 11(1), 343-358.",Section 3.2; Figure 1; Table 1 (pp. 349 and 353 of PDF),Scheme 1; Sections 2.2.3 and 2.2.5,"No source formula was provided; retained analytical locator for human review. Analytical locator: Sections 2.2.4-2.2.6; 1H and 13C NMR only. No DOI found, but durable article/PDF provenance is recorded. Approved reference conversion reproduced exactly.",meas-e3b3f2599b03bfb9,combo-6fc1d352f3578f22,model-040f9f863d9f715a,,False,False,False,False,False,False,STAGING_REVIEW_ONLY,False,False,PARK,Mixed ACN/DCM pseudo-reference row remains staging-only for master closure.,"No source formula was provided; retained analytical locator for human review. Analytical locator: Sections 2.2.4-2.2.6; 1H and 13C NMR only. No DOI found, but durable article/PDF provenance is recorded. Approved reference conversion reproduced exactly."
R14,SRC013,M1,"2,3-bis(4-decyloxyphenyl)-5,8-bis(thiophen-2-yl)pyrido[4,3-b]pyrazine",CCCCCCCCCCOc1ccc(-c2nc3c(-c4cccs4)cnc(-c4cccs4)c3nc2-c2ccc(OCCCCCCCCCC)cc2)cc1,CCCCCCCCCCOc1ccc(-c2nc3c(-c4cccs4)cnc(-c4cccs4)c3nc2-c2ccc(OCCCCCCCCCC)cc2)cc1,WXEJAEIBSIRJDT-UHFFFAOYSA-N,True,pyridopyrazine_donor_acceptor,monomer_oxidation_onset,SOURCE_CONFLICT,1.15,V,Ag wire pseudo-reference,pseudo_sce_to_agagcl,Silver wire (0.03 V vs. saturated calomel electrode (SCE)) as pseudo-reference electrode.,E_AgAgCl = E_original + 0.075 V,0.07500000000000018,1.225,ACN/DCM,ACN/DCM,1:1 v/v,TBAPF6,0.1,0.005,"Pt wire, 0.5 mm diameter",,100.0,cyclic voltammetry,first scan,10.3390/polym8100377,"Zhang, Y.; Liu, X.; Wang, M.; Liu, X.; Zhao, J. Low Band Gap Donor-Acceptor Type Polymers Containing 2,3-Bis(4-(decyloxy)phenyl)pyrido[4,3-b]pyrazine as Acceptor and Different Thiophene Derivatives as Donors. Polymers 2016, 8(10), 377. https://doi.org/10.3390/polym8100377",Section 3.1; Figure 1 for M1 and Supplementary Figure S8a-c for M2-M4,Scheme 2,"Section 2.3 reports Ag wire = 0.03 V vs SCE, whereas Table 2 footnote (b) uses a +0.02 V reference correction.",meas-204db5f611dca402,combo-5383a50a9635fdc9,model-2deb0061a7d43533,,False,False,False,False,False,False,STAGING_REVIEW_ONLY,False,False,PARK,"source reference conflict unresolved: Section 2.3 reports Ag wire = 0.03 V vs SCE, whereas Table 2 footnote (b) uses a +0.02 V reference correction.",Source formula/HRMS formula agrees with RDKit formula. HRMS calcd 759.3892; found 759.3887 Approved reference conversion reproduced exactly. Source-internal conflict is unresolved; numeric values are retained as working transcriptions for audit only.
R15,SRC013,M2,"2,3-bis(4-decyloxyphenyl)-5,8-bis(4-butylthiophen-2-yl)pyrido[4,3-b]pyrazine",CCCCCCCCCCOc1ccc(-c2nc3c(-c4cc(CCCC)cs4)cnc(-c4cc(CCCC)cs4)c3nc2-c2ccc(OCCCCCCCCCC)cc2)cc1,CCCCCCCCCCOc1ccc(-c2nc3c(-c4cc(CCCC)cs4)cnc(-c4cc(CCCC)cs4)c3nc2-c2ccc(OCCCCCCCCCC)cc2)cc1,KDTULERPAWWMMR-UHFFFAOYSA-N,True,pyridopyrazine_donor_acceptor,monomer_oxidation_onset,SOURCE_CONFLICT,1.15,V,Ag wire pseudo-reference,pseudo_sce_to_agagcl,Silver wire (0.03 V vs. saturated calomel electrode (SCE)) as pseudo-reference electrode.,E_AgAgCl = E_original + 0.075 V,0.07500000000000018,1.225,ACN/DCM,ACN/DCM,1:1 v/v,TBAPF6,0.1,0.005,"Pt wire, 0.5 mm diameter",,100.0,cyclic voltammetry,first scan,10.3390/polym8100377,"Zhang, Y.; Liu, X.; Wang, M.; Liu, X.; Zhao, J. Low Band Gap Donor-Acceptor Type Polymers Containing 2,3-Bis(4-(decyloxy)phenyl)pyrido[4,3-b]pyrazine as Acceptor and Different Thiophene Derivatives as Donors. Polymers 2016, 8(10), 377. https://doi.org/10.3390/polym8100377",Section 3.1; Figure 1 for M1 and Supplementary Figure S8a-c for M2-M4,Scheme 2,"Section 2.3 reports Ag wire = 0.03 V vs SCE, whereas Table 2 footnote (b) uses a +0.02 V reference correction.",meas-79ce0a39bb9ad103,combo-79857574e55491e4,model-6d7ad8527eb1ce28,,False,False,False,False,False,False,STAGING_REVIEW_ONLY,False,False,PARK,"source reference conflict unresolved: Section 2.3 reports Ag wire = 0.03 V vs SCE, whereas Table 2 footnote (b) uses a +0.02 V reference correction.",Source formula/HRMS formula agrees with RDKit formula. HRMS calcd 871.5144; found 871.5138 Approved reference conversion reproduced exactly. Source-internal conflict is unresolved; numeric values are retained as working transcriptions for audit only.
R16,SRC013,M3,"2,3-bis(4-decyloxyphenyl)-5,8-bis(4-hexyloxythiophen-2-yl)pyrido[4,3-b]pyrazine",CCCCCCCCCCOc1ccc(-c2nc3c(-c4cc(OCCCCCC)cs4)cnc(-c4cc(OCCCCCC)cs4)c3nc2-c2ccc(OCCCCCCCCCC)cc2)cc1,CCCCCCCCCCOc1ccc(-c2nc3c(-c4cc(OCCCCCC)cs4)cnc(-c4cc(OCCCCCC)cs4)c3nc2-c2ccc(OCCCCCCCCCC)cc2)cc1,CCRXLMRZQRBWJZ-UHFFFAOYSA-N,True,pyridopyrazine_donor_acceptor,monomer_oxidation_onset,SOURCE_CONFLICT,0.95,V,Ag wire pseudo-reference,pseudo_sce_to_agagcl,Silver wire (0.03 V vs. saturated calomel electrode (SCE)) as pseudo-reference electrode.,E_AgAgCl = E_original + 0.075 V,0.07499999999999996,1.025,ACN/DCM,ACN/DCM,1:1 v/v,TBAPF6,0.1,0.005,"Pt wire, 0.5 mm diameter",,100.0,cyclic voltammetry,first scan,10.3390/polym8100377,"Zhang, Y.; Liu, X.; Wang, M.; Liu, X.; Zhao, J. Low Band Gap Donor-Acceptor Type Polymers Containing 2,3-Bis(4-(decyloxy)phenyl)pyrido[4,3-b]pyrazine as Acceptor and Different Thiophene Derivatives as Donors. Polymers 2016, 8(10), 377. https://doi.org/10.3390/polym8100377",Section 3.1; Figure 1 for M1 and Supplementary Figure S8a-c for M2-M4,Scheme 2,"Section 2.3 reports Ag wire = 0.03 V vs SCE, whereas Table 2 footnote (b) uses a +0.02 V reference correction.",meas-b7813965397775b2,combo-11d2559c86a019c1,model-3248c69b2913e4ac,,False,False,False,False,False,False,STAGING_REVIEW_ONLY,False,False,PARK,"source reference conflict unresolved: Section 2.3 reports Ag wire = 0.03 V vs SCE, whereas Table 2 footnote (b) uses a +0.02 V reference correction.",Source formula/HRMS formula agrees with RDKit formula. HRMS calcd 959.5668; found 959.5664 Approved reference conversion reproduced exactly. Source-internal conflict is unresolved; numeric values are retained as working transcriptions for audit only.
R17,SRC013,M4,"2,3-bis(4-decyloxyphenyl)-5,8-bis(2,3-dihydrothieno[3,4-b][1,4]dioxin-7-yl)pyrido[4,3-b]pyrazine",CCCCCCCCCCOc1ccc(-c2nc3c(-c4scc5c4OCCO5)cnc(-c4scc5c4OCCO5)c3nc2-c2ccc(OCCCCCCCCCC)cc2)cc1,CCCCCCCCCCOc1ccc(-c2nc3c(-c4scc5c4OCCO5)cnc(-c4scc5c4OCCO5)c3nc2-c2ccc(OCCCCCCCCCC)cc2)cc1,LPQOXDIVUOGPGI-UHFFFAOYSA-N,True,pyridopyrazine_donor_acceptor,monomer_oxidation_onset,SOURCE_CONFLICT,0.77,V,Ag wire pseudo-reference,pseudo_sce_to_agagcl,Silver wire (0.03 V vs. saturated calomel electrode (SCE)) as pseudo-reference electrode.,E_AgAgCl = E_original + 0.075 V,0.07499999999999996,0.845,ACN/DCM,ACN/DCM,1:1 v/v,TBAPF6,0.1,0.005,"Pt wire, 0.5 mm diameter",,100.0,cyclic voltammetry,first scan,10.3390/polym8100377,"Zhang, Y.; Liu, X.; Wang, M.; Liu, X.; Zhao, J. Low Band Gap Donor-Acceptor Type Polymers Containing 2,3-Bis(4-(decyloxy)phenyl)pyrido[4,3-b]pyrazine as Acceptor and Different Thiophene Derivatives as Donors. Polymers 2016, 8(10), 377. https://doi.org/10.3390/polym8100377",Section 3.1; Figure 1 for M1 and Supplementary Figure S8a-c for M2-M4,Scheme 2,"Section 2.3 reports Ag wire = 0.03 V vs SCE, whereas Table 2 footnote (b) uses a +0.02 V reference correction.",meas-d47878fb816b2eb4,combo-478075edb5962e7d,model-bfe3b106f2beea1b,,False,False,False,False,False,False,STAGING_REVIEW_ONLY,False,False,PARK,"source reference conflict unresolved: Section 2.3 reports Ag wire = 0.03 V vs SCE, whereas Table 2 footnote (b) uses a +0.02 V reference correction.",Source formula/HRMS formula agrees with RDKit formula. HRMS calcd 875.4002; found 875.3996 Approved reference conversion reproduced exactly. Source-internal conflict is unresolved; numeric values are retained as working transcriptions for audit only.
R18,SRC005,M1,"2,3-bis(4-methoxyphenyl)-5,8-bis(2,3-dihydrothieno[3,4-b][1,4]dioxin-5-yl)quinoxaline",COc1ccc(-c2nc3c(-c4scc5c4OCCO5)ccc(-c4scc5c4OCCO5)c3nc2-c2ccc(OC)cc2)cc1,COc1ccc(-c2nc3c(-c4scc5c4OCCO5)ccc(-c4scc5c4OCCO5)c3nc2-c2ccc(OC)cc2)cc1,BOBLRNDGULGSRP-UHFFFAOYSA-N,True,quinoxaline_donor_acceptor,monomer_oxidation_onset,SOURCE_CONFLICT,0.77,V,Ag wire pseudo-reference,pseudo_sce_to_agagcl,"The pseudo Ag wire reference electrode was calibrated in ACN/DCM (1:1, v/v) containing 0.2 M TBAPF6 and 0.005 M ferrocene; Figure 1 caption states Ag wire calibrated to 0.03 V vs. SCE using the ferrocene E1/2 method.",E_AgAgCl = E_original + 0.075 V,0.07499999999999996,0.845,ACN/DCM,ACN/DCM,1:1 v/v,TBAPF6,0.2,0.005,"Pt wire, 1 mm diameter",,100.0,cyclic voltammetry,first scan,10.3390/polym9120656,"Kong, L.; Wang, M.; Ju, X.; Zhao, J.; Zhang, Y.; Xie, Y. The Availability of Neutral Cyan, Green, Blue and Purple Colors from Simple D-A Type Polymers with Commercially Available Thiophene Derivatives as the Donor Units. Polymers 2017, 9(12), 656. https://doi.org/10.3390/polym9120656",Scheme 1; Table 1; Figure 1 caption; Section 3.1,Scheme 1,"Figure 1 caption reports Ag wire = 0.03 V vs SCE, whereas Table 1 footnote (b) uses +0.02 V; Section 3.1 reports 0.1 M TBAPF6, whereas Figure 1 caption reports 0.2 M.",meas-2772a29be581b377,combo-e3cd661ac58adc21,model-db332721d97f1d5c,,False,False,False,False,False,False,STAGING_REVIEW_ONLY,False,False,PARK,"source reference conflict unresolved: Figure 1 caption reports Ag wire = 0.03 V vs SCE, whereas Table 1 footnote (b) uses +0.02 V; Section 3.1 reports 0.1 M TBAPF6, whereas Figure 1 caption reports 0.2 M.; source condition conflict unresolved: Figure 1 caption reports Ag wire = 0.03 V vs SCE, whereas Table 1 footnote (b) uses +0.02 V; Section 3.1 reports 0.1 M TBAPF6, whereas Figure 1 caption reports 0.2 M.",No source formula was provided; retained analytical locator for human review. Analytical locator: Supplementary monomer NMR only (Figures S2-S5 as listed on publisher page). Approved reference conversion reproduced exactly. Source-internal conflict is unresolved; numeric values are retained as working transcriptions for audit only.
R19,SRC005,M2,"2,3-bis(4-methoxyphenyl)-5,8-bis(3-methoxythiophen-2-yl)quinoxaline",COc1ccc(-c2nc3c(-c4sccc4OC)ccc(-c4sccc4OC)c3nc2-c2ccc(OC)cc2)cc1,COc1ccc(-c2nc3c(-c4sccc4OC)ccc(-c4sccc4OC)c3nc2-c2ccc(OC)cc2)cc1,DLVIBHOOAVWAIU-UHFFFAOYSA-N,True,quinoxaline_donor_acceptor,monomer_oxidation_onset,SOURCE_CONFLICT,0.9,V,Ag wire pseudo-reference,pseudo_sce_to_agagcl,"The pseudo Ag wire reference electrode was calibrated in ACN/DCM (1:1, v/v) containing 0.2 M TBAPF6 and 0.005 M ferrocene; Figure 1 caption states Ag wire calibrated to 0.03 V vs. SCE using the ferrocene E1/2 method.",E_AgAgCl = E_original + 0.075 V,0.07499999999999996,0.975,ACN/DCM,ACN/DCM,1:1 v/v,TBAPF6,0.2,0.005,"Pt wire, 1 mm diameter",,100.0,cyclic voltammetry,first scan,10.3390/polym9120656,"Kong, L.; Wang, M.; Ju, X.; Zhao, J.; Zhang, Y.; Xie, Y. The Availability of Neutral Cyan, Green, Blue and Purple Colors from Simple D-A Type Polymers with Commercially Available Thiophene Derivatives as the Donor Units. Polymers 2017, 9(12), 656. https://doi.org/10.3390/polym9120656",Scheme 1; Table 1; Figure 1 caption; Section 3.1,Scheme 1,"Figure 1 caption reports Ag wire = 0.03 V vs SCE, whereas Table 1 footnote (b) uses +0.02 V; Section 3.1 reports 0.1 M TBAPF6, whereas Figure 1 caption reports 0.2 M.",meas-027118cb3f312ca4,combo-abfa1eebbb95eb56,model-1ac08d2de7fa4645,,False,False,False,False,False,False,STAGING_REVIEW_ONLY,False,False,PARK,"source reference conflict unresolved: Figure 1 caption reports Ag wire = 0.03 V vs SCE, whereas Table 1 footnote (b) uses +0.02 V; Section 3.1 reports 0.1 M TBAPF6, whereas Figure 1 caption reports 0.2 M.; source condition conflict unresolved: Figure 1 caption reports Ag wire = 0.03 V vs SCE, whereas Table 1 footnote (b) uses +0.02 V; Section 3.1 reports 0.1 M TBAPF6, whereas Figure 1 caption reports 0.2 M.",No source formula was provided; retained analytical locator for human review. Analytical locator: Supplementary monomer NMR only (Figures S2-S5 as listed on publisher page). Approved reference conversion reproduced exactly. Source-internal conflict is unresolved; numeric values are retained as working transcriptions for audit only.
R20,SRC005,M3,"2,3-bis(4-methoxyphenyl)-5,8-bis(3-methylthiophen-2-yl)quinoxaline",COc1ccc(-c2nc3c(-c4sccc4C)ccc(-c4sccc4C)c3nc2-c2ccc(OC)cc2)cc1,COc1ccc(-c2nc3c(-c4sccc4C)ccc(-c4sccc4C)c3nc2-c2ccc(OC)cc2)cc1,CMYNARPAYUMJLL-UHFFFAOYSA-N,True,quinoxaline_donor_acceptor,monomer_oxidation_onset,SOURCE_CONFLICT,0.97,V,Ag wire pseudo-reference,pseudo_sce_to_agagcl,"The pseudo Ag wire reference electrode was calibrated in ACN/DCM (1:1, v/v) containing 0.2 M TBAPF6 and 0.005 M ferrocene; Figure 1 caption states Ag wire calibrated to 0.03 V vs. SCE using the ferrocene E1/2 method.",E_AgAgCl = E_original + 0.075 V,0.07499999999999996,1.045,ACN/DCM,ACN/DCM,1:1 v/v,TBAPF6,0.2,0.005,"Pt wire, 1 mm diameter",,100.0,cyclic voltammetry,first scan,10.3390/polym9120656,"Kong, L.; Wang, M.; Ju, X.; Zhao, J.; Zhang, Y.; Xie, Y. The Availability of Neutral Cyan, Green, Blue and Purple Colors from Simple D-A Type Polymers with Commercially Available Thiophene Derivatives as the Donor Units. Polymers 2017, 9(12), 656. https://doi.org/10.3390/polym9120656",Scheme 1; Table 1; Figure 1 caption; Section 3.1,Scheme 1,"Figure 1 caption reports Ag wire = 0.03 V vs SCE, whereas Table 1 footnote (b) uses +0.02 V; Section 3.1 reports 0.1 M TBAPF6, whereas Figure 1 caption reports 0.2 M.",meas-8c9b6dcdf4446ee1,combo-f97becc31f97ae7c,model-acecb1ca9144f301,,False,False,False,False,False,False,STAGING_REVIEW_ONLY,False,False,PARK,"source reference conflict unresolved: Figure 1 caption reports Ag wire = 0.03 V vs SCE, whereas Table 1 footnote (b) uses +0.02 V; Section 3.1 reports 0.1 M TBAPF6, whereas Figure 1 caption reports 0.2 M.; source condition conflict unresolved: Figure 1 caption reports Ag wire = 0.03 V vs SCE, whereas Table 1 footnote (b) uses +0.02 V; Section 3.1 reports 0.1 M TBAPF6, whereas Figure 1 caption reports 0.2 M.",No source formula was provided; retained analytical locator for human review. Analytical locator: Supplementary monomer NMR only (Figures S2-S5 as listed on publisher page). Approved reference conversion reproduced exactly. Source-internal conflict is unresolved; numeric values are retained as working transcriptions for audit only.
R21,SRC005,M4,"2,3-bis(4-methoxyphenyl)-5,8-bis(thiophen-2-yl)quinoxaline",COc1ccc(-c2nc3c(-c4cccs4)ccc(-c4cccs4)c3nc2-c2ccc(OC)cc2)cc1,COc1ccc(-c2nc3c(-c4cccs4)ccc(-c4cccs4)c3nc2-c2ccc(OC)cc2)cc1,OXZVIMYXXCWIJK-UHFFFAOYSA-N,True,quinoxaline_donor_acceptor,monomer_oxidation_onset,SOURCE_CONFLICT,1.05,V,Ag wire pseudo-reference,pseudo_sce_to_agagcl,"The pseudo Ag wire reference electrode was calibrated in ACN/DCM (1:1, v/v) containing 0.2 M TBAPF6 and 0.005 M ferrocene; Figure 1 caption states Ag wire calibrated to 0.03 V vs. SCE using the ferrocene E1/2 method.",E_AgAgCl = E_original + 0.075 V,0.07499999999999996,1.125,ACN/DCM,ACN/DCM,1:1 v/v,TBAPF6,0.2,0.005,"Pt wire, 1 mm diameter",,100.0,cyclic voltammetry,first scan,10.3390/polym9120656,"Kong, L.; Wang, M.; Ju, X.; Zhao, J.; Zhang, Y.; Xie, Y. The Availability of Neutral Cyan, Green, Blue and Purple Colors from Simple D-A Type Polymers with Commercially Available Thiophene Derivatives as the Donor Units. Polymers 2017, 9(12), 656. https://doi.org/10.3390/polym9120656",Scheme 1; Table 1; Figure 1 caption; Section 3.1,Scheme 1,"Figure 1 caption reports Ag wire = 0.03 V vs SCE, whereas Table 1 footnote (b) uses +0.02 V; Section 3.1 reports 0.1 M TBAPF6, whereas Figure 1 caption reports 0.2 M.",meas-5817a5003747a8e2,combo-f211317847fc4052,model-c608b2840c8c1b84,,False,False,False,False,False,False,STAGING_REVIEW_ONLY,False,False,PARK,"source reference conflict unresolved: Figure 1 caption reports Ag wire = 0.03 V vs SCE, whereas Table 1 footnote (b) uses +0.02 V; Section 3.1 reports 0.1 M TBAPF6, whereas Figure 1 caption reports 0.2 M.; source condition conflict unresolved: Figure 1 caption reports Ag wire = 0.03 V vs SCE, whereas Table 1 footnote (b) uses +0.02 V; Section 3.1 reports 0.1 M TBAPF6, whereas Figure 1 caption reports 0.2 M.",No source formula was provided; retained analytical locator for human review. Analytical locator: Supplementary monomer NMR only (Figures S2-S5 as listed on publisher page). Approved reference conversion reproduced exactly. Source-internal conflict is unresolved; numeric values are retained as working transcriptions for audit only.
EXT_ALKYNEDTP_ONSET,SRC001,AlkyneDTP,"N-but-3-ynyl dithieno[3,2-b:2',3'-d]pyrrole",C#CCCCN1c2sccc2c2ccsc21,C#CCCCn1c2sccc2c2ccsc21,URRIWDHPGIUTTL-UHFFFAOYSA-N,True,dithienopyrrole,monomer_oxidation_onset,CLEAN_CV_ONSET_AGAGCL,0.77,V,Ag/AgCl,agagcl,Direct Ag/AgCl reference.,,0,0.77,acetonitrile,acetonitrile,,0.1 M TBAPF6,0.1,0.0025,Pt button,Pt wire,100,cyclic voltammetry,first cycle,10.1039/D2RA03265A,Bandera et al. 2022 alkyne-DTP electropolymerization,Experimental electrochemistry; Figure 2; onset discussion,Scheme 1,First-cycle irreversible monomer peak onset reported as 770 mV.,meas-00241019b6a82e1f,combo-968a038fad82a4eb,model-e33762ce4db351c5,,True,True,True,True,False,False,EXTERNAL_EVIDENCE_READY,True,False,ADD_NEW_BENCHMARK_ROW,,"Exact structure, first-cycle onset, MeCN/TBAPF6, and Ag/AgCl are all supported."
EXT_BIFURAN_POLARIZATION,SRC014,2Fu,"2,2'-bifuran",c1cc(oc1)-c2ccoc2,c1coc(-c2ccoc2)c1,REBWSFKBXIVNRQ-UHFFFAOYSA-N,True,furan_oligomer,monomer_oxidation_onset,NON_CV_POLARIZATION_ONSET,0.8,V,Ag/AgCl,agagcl,Direct Ag/AgCl reference.,,0,0.8,CH2Cl2,DCM,,0.1 M Bu4NPF6,0.1,0.01,Pt,Pt,,anodic polarization,source reported,10.1039/C4RA00437J,Zhen et al. 2014 furan-based monomers,Section 3.2.1 anodic polarization curves,Article structures,Onset oxidation potentials reported from anodic polarization curves.,meas-606f0a77037631f4,combo-36521627d0380f92,model-4d89f2ec755e8462,,False,False,False,False,False,False,EXTERNAL_EVIDENCE_BLOCKED,False,False,PARK,"Method is anodic polarization, not clean CV.",Classified by actual method despite onset wording.
EXT_BTP_ONSET,SRC007,BTP,"2,2'-bithiophene",c1csc(-c2cccs2)c1,c1csc(-c2cccs2)c1,OHZAHWOAMVVGEL-UHFFFAOYSA-N,True,thiophene_oligomer,monomer_oxidation_onset,CLEAN_CV_ONSET_AGAGCL,1.22,V,Ag/AgCl,agagcl,Direct Ag/AgCl reference.,,0,1.22,acetonitrile,acetonitrile,,0.2 M LiClO4,0.2,0.002,ITO,Pt,100,cyclic voltammetry,first scan,10.3390/membranes11020125,Membranes 2021 electrochromic polymer membranes,Figure 2; electrooxidation curve text,Commercial monomer label,BTP Eonset reported as 1.22 V vs Ag/AgCl.,meas-2e618616367c416f,combo-4e6fb4d011ad492e,model-03df19337a6fbe63,,True,True,True,True,False,False,EXTERNAL_EVIDENCE_READY,True,False,ADD_NEW_BENCHMARK_ROW,,Direct-Ag/AgCl onset is separate from Camarada steady-state BTP row.
EXT_DTC_ONSET,SRC007,DTC,"3,6-di(2-thienyl)carbazole",c1ccc(s1)-c1ccc2[nH]c3ccc(-c4cccs4)cc3c2c1,c1csc(-c2ccc3[nH]c4ccc(-c5cccs5)cc4c3c2)c1,VFFMMTGRCBFHJJ-UHFFFAOYSA-N,True,carbazole,monomer_oxidation_onset,CLEAN_CV_ONSET_AGAGCL,0.88,V,Ag/AgCl,agagcl,Direct Ag/AgCl reference.,,0,0.88,acetonitrile,acetonitrile,,0.2 M LiClO4,0.2,0.002,ITO,Pt,100,cyclic voltammetry,first scan,10.3390/membranes11020125,Membranes 2021 electrochromic polymer membranes,Figure 2; electrooxidation curve text,Monomer list in experimental/synthesis section,Eonset values for DTC/BTP/TF reported vs Ag/AgCl.,meas-2fa6ba6baa0e2605,combo-64f0f2ed5b958169,model-c4819da49735894e,,True,True,True,True,False,False,EXTERNAL_EVIDENCE_READY,True,False,ADD_NEW_BENCHMARK_ROW,,Clean direct-Ag/AgCl monomer onset.
EXT_DTPNAP_ONSET,SRC001,DTPNap,naphthalimide dithienopyrrole derivative,,,,False,dithienopyrrole,monomer_oxidation_onset,STRUCTURE_BLOCKED,0.2,V,Ag/AgCl,agagcl,,,,,DCM,DCM,,0.1 M TBAPF6,0.1,,,,,cyclic voltammetry,source reported,10.1039/D2RA03265A,Bandera et al. 2022,Scheme 4; Figure 2a,not normalized,Exact machine-auditable DTPNap structure not normalized in this review-only audit.,meas-520dd7c08a4ff998,combo-17d8936d9ba27ddc,model-9eb4f0f8ea125f69,,False,False,False,False,False,False,EXTERNAL_EVIDENCE_BLOCKED,False,False,PARK,Exact machine-auditable DTPNap structure not normalized in this review-only audit.,Provenance retained for later manual normalization.
EXT_EDOS_ACN_TBABF4,SRC012,EDOS,"3,4-ethylenedioxyselenophene",C1COc2c(O1)[se]cc2,c1cc2c([se]1)OCCO2,APCXEECZAOBDRC-UHFFFAOYSA-N,True,selenophene,monomer_oxidation_onset,UNRESOLVED_REFERENCE,1.13,V,Ag/Ag+,native_ag_plus,Native Ag/Ag+ reference; no same-experiment Ag/AgCl conversion retained.,,,,acetonitrile,acetonitrile,,0.1 M TBABF4,0.1,,Pt,Pt,,anodic oxidation curve,first anodic scan,10.1039/D0RA01436B,Yadav et al. 2020 EDOS electropolymerization,Table 1 and electrochemical discussion,Monomer structure in article scheme,EDOS Eox values reported in six media vs Ag/Ag+.,meas-62231f117c3479b6,combo-c5cc75a6e6fb45c2,model-f0ca6f4907776023,,False,False,False,False,False,False,EXTERNAL_EVIDENCE_BLOCKED,False,False,PARK,Ag/Ag+ reference is unresolved for current Ag/AgCl profile.,Preserve native values; do not force-convert.
EXT_EDOS_ACN_TBACLO4,SRC012,EDOS,"3,4-ethylenedioxyselenophene",C1COc2c(O1)[se]cc2,c1cc2c([se]1)OCCO2,APCXEECZAOBDRC-UHFFFAOYSA-N,True,selenophene,monomer_oxidation_onset,UNRESOLVED_REFERENCE,1.09,V,Ag/Ag+,native_ag_plus,Native Ag/Ag+ reference; no same-experiment Ag/AgCl conversion retained.,,,,acetonitrile,acetonitrile,,0.1 M TBAClO4,0.1,,Pt,Pt,,anodic oxidation curve,first anodic scan,10.1039/D0RA01436B,Yadav et al. 2020 EDOS electropolymerization,Table 1 and electrochemical discussion,Monomer structure in article scheme,EDOS Eox values reported in six media vs Ag/Ag+.,meas-aef8b5385d6d54ce,combo-9d3a18fe85bbabf2,model-f0ca6f4907776023,,False,False,False,False,False,False,EXTERNAL_EVIDENCE_BLOCKED,False,False,PARK,Ag/Ag+ reference is unresolved for current Ag/AgCl profile.,Preserve native values; do not force-convert.
EXT_EDOS_ACN_TBAPF6,SRC012,EDOS,"3,4-ethylenedioxyselenophene",C1COc2c(O1)[se]cc2,c1cc2c([se]1)OCCO2,APCXEECZAOBDRC-UHFFFAOYSA-N,True,selenophene,monomer_oxidation_onset,UNRESOLVED_REFERENCE,1.1,V,Ag/Ag+,native_ag_plus,Native Ag/Ag+ reference; no same-experiment Ag/AgCl conversion retained.,,,,acetonitrile,acetonitrile,,0.1 M TBAPF6,0.1,,Pt,Pt,,anodic oxidation curve,first anodic scan,10.1039/D0RA01436B,Yadav et al. 2020 EDOS electropolymerization,Table 1 and electrochemical discussion,Monomer structure in article scheme,EDOS Eox values reported in six media vs Ag/Ag+.,meas-1e426ac6a1e51e55,combo-ae9077a3766f82db,model-f0ca6f4907776023,,False,False,False,False,False,False,EXTERNAL_EVIDENCE_BLOCKED,False,False,PARK,Ag/Ag+ reference is unresolved for current Ag/AgCl profile.,Preserve native values; do not force-convert.
EXT_EDOS_PC_TBABF4,SRC012,EDOS,"3,4-ethylenedioxyselenophene",C1COc2c(O1)[se]cc2,c1cc2c([se]1)OCCO2,APCXEECZAOBDRC-UHFFFAOYSA-N,True,selenophene,monomer_oxidation_onset,UNRESOLVED_REFERENCE,1.07,V,Ag/Ag+,native_ag_plus,Native Ag/Ag+ reference; no same-experiment Ag/AgCl conversion retained.,,,,propylene carbonate,propylene carbonate,,0.1 M TBABF4,0.1,,Pt,Pt,,anodic oxidation curve,first anodic scan,10.1039/D0RA01436B,Yadav et al. 2020 EDOS electropolymerization,Table 1 and electrochemical discussion,Monomer structure in article scheme,EDOS Eox values reported in six media vs Ag/Ag+.,meas-136b3f817ccaf75c,combo-528282e7ff58b307,model-82dbddbd3911af99,,False,False,False,False,False,False,EXTERNAL_EVIDENCE_BLOCKED,False,False,PARK,Ag/Ag+ reference is unresolved for current Ag/AgCl profile.,Preserve native values; do not force-convert.
EXT_EDOS_PC_TBACLO4,SRC012,EDOS,"3,4-ethylenedioxyselenophene",C1COc2c(O1)[se]cc2,c1cc2c([se]1)OCCO2,APCXEECZAOBDRC-UHFFFAOYSA-N,True,selenophene,monomer_oxidation_onset,UNRESOLVED_REFERENCE,1.06,V,Ag/Ag+,native_ag_plus,Native Ag/Ag+ reference; no same-experiment Ag/AgCl conversion retained.,,,,propylene carbonate,propylene carbonate,,0.1 M TBAClO4,0.1,,Pt,Pt,,anodic oxidation curve,first anodic scan,10.1039/D0RA01436B,Yadav et al. 2020 EDOS electropolymerization,Table 1 and electrochemical discussion,Monomer structure in article scheme,EDOS Eox values reported in six media vs Ag/Ag+.,meas-fef45ba08219ff6f,combo-43126403ddb37793,model-82dbddbd3911af99,,False,False,False,False,False,False,EXTERNAL_EVIDENCE_BLOCKED,False,False,PARK,Ag/Ag+ reference is unresolved for current Ag/AgCl profile.,Preserve native values; do not force-convert.
EXT_EDOS_PC_TBAPF6,SRC012,EDOS,"3,4-ethylenedioxyselenophene",C1COc2c(O1)[se]cc2,c1cc2c([se]1)OCCO2,APCXEECZAOBDRC-UHFFFAOYSA-N,True,selenophene,monomer_oxidation_onset,UNRESOLVED_REFERENCE,1.11,V,Ag/Ag+,native_ag_plus,Native Ag/Ag+ reference; no same-experiment Ag/AgCl conversion retained.,,,,propylene carbonate,propylene carbonate,,0.1 M TBAPF6,0.1,,Pt,Pt,,anodic oxidation curve,first anodic scan,10.1039/D0RA01436B,Yadav et al. 2020 EDOS electropolymerization,Table 1 and electrochemical discussion,Monomer structure in article scheme,EDOS Eox values reported in six media vs Ag/Ag+.,meas-4917e69263ef559a,combo-fb669a678d778229,model-82dbddbd3911af99,,False,False,False,False,False,False,EXTERNAL_EVIDENCE_BLOCKED,False,False,PARK,Ag/Ag+ reference is unresolved for current Ag/AgCl profile.,Preserve native values; do not force-convert.
EXT_FUPY_ONSET,SRC008,FuPy,N-furfuryl pyrrole,c1ccoc1CN2C=CC=C2,c1coc(Cn2cccc2)c1,BTBFUBUCCJKJOZ-UHFFFAOYSA-N,True,pyrrole,monomer_oxidation_onset,CLEAN_CV_ONSET_AGAGCL,1.32,V,Ag wire calibrated to SCE,agagcl,Ag wire calibrated 0.004 V vs SCE; SCE to Ag/AgCl +0.045 V.,E_AgAgCl = E_original + 0.049 V,0.049,1.369,acetonitrile,acetonitrile,,0.1 M Bu4NClO4,0.1,0.005,Pt wire,Pt wire,100,cyclic voltammetry,first scan,10.3390/molecules30010042,Molecules 2025 FuPy/EDOT electrochromic copolymers,Figure 1 and experimental electrochemical section,Synthesis/compound section and SI,Eonset of FuPy reported as 1.32 V; Ag wire calibrated 0.004 V vs SCE.,meas-d4763c651362179f,combo-6b1146c2c46d2fc1,model-2a66c816cb0d872d,,True,True,True,True,False,False,EXTERNAL_EVIDENCE_READY,True,False,ADD_NEW_BENCHMARK_ROW,,Clean first-scan monomer onset with same-experiment reference calibration.
EXT_FURAN_POLARIZATION,SRC014,Fu,furan,c1ccoc1,c1ccoc1,YLQBMQCUIZJEEH-UHFFFAOYSA-N,True,furan_oligomer,monomer_oxidation_onset,NON_CV_POLARIZATION_ONSET,1.25,V,Ag/AgCl,agagcl,Direct Ag/AgCl reference.,,0,1.25,CH2Cl2,DCM,,0.1 M Bu4NPF6,0.1,0.01,Pt,Pt,,anodic polarization,source reported,10.1039/C4RA00437J,Zhen et al. 2014 furan-based monomers,Section 3.2.1 anodic polarization curves,Article structures,Onset oxidation potentials reported from anodic polarization curves.,meas-6107e30abc673029,combo-ad7b72f00429505d,model-b7dbbbe398325870,,False,False,False,False,False,False,EXTERNAL_EVIDENCE_BLOCKED,False,False,PARK,"Method is anodic polarization, not clean CV.",Classified by actual method despite onset wording.
EXT_IJMS2023_IDOD_3HT,SRC003,IDOD-3HT,IDOD-3HT,,,,False,isoindigo_thiophene,monomer_oxidation_onset,PROVENANCE_BLOCKED,,V,Ag/AgCl,agagcl,,,,,CH2Cl2,DCM,,0.1 M Bu4NPF6,0.1,,,,,cyclic voltammetry,source reported,10.3390/ijms24032219,IJMS 2023 isoindigo-thiophene electrosynthesis,CV/anodic oxidation section; table text not reliably machine-extracted,not normalized,Exact per-monomer Eonset values and structures require manual table normalization.,meas-a87a692537b3bbe3,combo-36ee4ac717a8daa2,model-efbdf12ba2c0dcc9,,False,False,False,False,False,False,EXTERNAL_EVIDENCE_BLOCKED,False,False,PARK,Exact per-monomer Eonset values and structures require manual table normalization.,Provenance retained for later manual normalization.
EXT_IJMS2023_IDOD_Th,SRC003,IDOD-Th,IDOD-Th,,,,False,isoindigo_thiophene,monomer_oxidation_onset,PROVENANCE_BLOCKED,,V,Ag/AgCl,agagcl,,,,,CH2Cl2,DCM,,0.1 M Bu4NPF6,0.1,,,,,cyclic voltammetry,source reported,10.3390/ijms24032219,IJMS 2023 isoindigo-thiophene electrosynthesis,CV/anodic oxidation section; table text not reliably machine-extracted,not normalized,Exact per-monomer Eonset values and structures require manual table normalization.,meas-4531f5f4be43a4f4,combo-cd5494f23c2a69e2,model-44cacf382bf877fc,,False,False,False,False,False,False,EXTERNAL_EVIDENCE_BLOCKED,False,False,PARK,Exact per-monomer Eonset values and structures require manual table normalization.,Provenance retained for later manual normalization.
EXT_IJMS2023_IDOH_3HT,SRC003,IDOH-3HT,IDOH-3HT,,,,False,isoindigo_thiophene,monomer_oxidation_onset,PROVENANCE_BLOCKED,,V,Ag/AgCl,agagcl,,,,,CH2Cl2,DCM,,0.1 M Bu4NPF6,0.1,,,,,cyclic voltammetry,source reported,10.3390/ijms24032219,IJMS 2023 isoindigo-thiophene electrosynthesis,CV/anodic oxidation section; table text not reliably machine-extracted,not normalized,Exact per-monomer Eonset values and structures require manual table normalization.,meas-0b6d0865bbd03fe8,combo-d954a62767256f9e,model-ddc8ca8c0b0fcd49,,False,False,False,False,False,False,EXTERNAL_EVIDENCE_BLOCKED,False,False,PARK,Exact per-monomer Eonset values and structures require manual table normalization.,Provenance retained for later manual normalization.
EXT_IJMS2023_IDOH_Th,SRC003,IDOH-Th,IDOH-Th,,,,False,isoindigo_thiophene,monomer_oxidation_onset,PROVENANCE_BLOCKED,,V,Ag/AgCl,agagcl,,,,,CH2Cl2,DCM,,0.1 M Bu4NPF6,0.1,,,,,cyclic voltammetry,source reported,10.3390/ijms24032219,IJMS 2023 isoindigo-thiophene electrosynthesis,CV/anodic oxidation section; table text not reliably machine-extracted,not normalized,Exact per-monomer Eonset values and structures require manual table normalization.,meas-bc881a7f1701309e,combo-07c9251ef16159be,model-5e7f91d2e5123bdd,,False,False,False,False,False,False,EXTERNAL_EVIDENCE_BLOCKED,False,False,PARK,Exact per-monomer Eonset values and structures require manual table normalization.,Provenance retained for later manual normalization.
EXT_JELECHEM2015_PAYWALLED,SRC004,Electrochemical synthesis of new conjugated polymers based on carbazole and furan units,Electrochemical synthesis of new conjugated polymers based on carbazole and furan units,,,,False,,monomer_oxidation_onset,PROVENANCE_BLOCKED,,V,,agagcl,,,,,,,,,,,,,,cyclic voltammetry,source reported,10.1016/j.jelechem.2015.04.041,Electrochemical synthesis of new conjugated polymers based on carbazole and furan units,DOI resolver/publisher landing only; no lawful open PDF downloaded,not normalized,No lawful open PDF was retrieved; do not use for production ingest.,meas-f8cba4db50ea1412,combo-b141784057ac7ebd,model-3723f47085037e4d,,False,False,False,False,False,False,EXTERNAL_EVIDENCE_BLOCKED,False,False,PARK,No lawful open PDF was retrieved; do not use for production ingest.,Provenance retained for later manual normalization.
EXT_NANO2024_CBP,SRC009,CBP,CBP,,,,False,carbazole,monomer_oxidation_onset,UNRESOLVED_REFERENCE,0.86,V,Ag/AgNO3,native_ag_agno3,Native Ag/AgNO3 reference; no Ag/AgCl conversion retained.,,,,acetonitrile,acetonitrile,,0.1 M TBAP,0.1,0.0001,glassy carbon,Pt,,cyclic voltammetry,source reported,10.3390/nano14020180,Nanomaterials 2024 microporous polymer-modified electrodes,SI Table S3; electropolymerization section,SI structures; not machine-normalized here,Eonset rows reported vs Ag/AgNO3.,meas-da6d2c68c7d85d49,combo-337dc6e0e486e12e,model-9e96a4f242a07094,,False,False,False,False,False,False,EXTERNAL_EVIDENCE_BLOCKED,False,False,PARK,Ag/AgNO3 reference unresolved for current Ag/AgCl profile.,Retain as provenance only.
EXT_NANO2024_TCB,SRC009,TCB,TCB,,,,False,carbazole,monomer_oxidation_onset,UNRESOLVED_REFERENCE,1.0,V,Ag/AgNO3,native_ag_agno3,Native Ag/AgNO3 reference; no Ag/AgCl conversion retained.,,,,acetonitrile,acetonitrile,,0.1 M TBAP,0.1,0.0001,glassy carbon,Pt,,cyclic voltammetry,source reported,10.3390/nano14020180,Nanomaterials 2024 microporous polymer-modified electrodes,SI Table S3; electropolymerization section,SI structures; not machine-normalized here,Eonset rows reported vs Ag/AgNO3.,meas-da32e4003771ca41,combo-7ef15fde40e7aa37,model-4ff5ba6e632a2841,,False,False,False,False,False,False,EXTERNAL_EVIDENCE_BLOCKED,False,False,PARK,Ag/AgNO3 reference unresolved for current Ag/AgCl profile.,Retain as provenance only.
EXT_NANO2024_TPTCzSiOH,SRC009,TPTCzSiOH,TPTCzSiOH,,,,False,carbazole,monomer_oxidation_onset,UNRESOLVED_REFERENCE,0.85,V,Ag/AgNO3,native_ag_agno3,Native Ag/AgNO3 reference; no Ag/AgCl conversion retained.,,,,acetonitrile,acetonitrile,,0.1 M TBAP,0.1,0.0001,glassy carbon,Pt,,cyclic voltammetry,source reported,10.3390/nano14020180,Nanomaterials 2024 microporous polymer-modified electrodes,SI Table S3; electropolymerization section,SI structures; not machine-normalized here,Eonset rows reported vs Ag/AgNO3.,meas-3c5ae50b8c6933c6,combo-9d8c4a67c9a33b34,model-fdc788f551bd5ebc,,False,False,False,False,False,False,EXTERNAL_EVIDENCE_BLOCKED,False,False,PARK,Ag/AgNO3 reference unresolved for current Ag/AgCl profile.,Retain as provenance only.
EXT_NANO2025_3BD_EDOT,SRC010,3BD-EDOT,3BD-EDOT,,,,False,biphenyl_edot,monomer_oxidation_onset,NON_CV_POLARIZATION_ONSET,0.95,V,Ag/AgCl,agagcl,Direct Ag/AgCl reference.,,0,0.95,CH2Cl2,DCM,,0.1 M Bu4NPF6,0.1,,Pt,Pt,,anodic polarization,source reported,10.3390/nano15211643,Nanomaterials 2025 biphenyl-EDOT polymers,Figure 1 anodic polarization curves,Article/SI structures; not machine-normalized here,Polymerization potentials reported from anodic polarization curves.,meas-6d2bd6352cfe60d2,combo-c31ea9a1d6d882e3,model-c08f299617927645,,False,False,False,False,False,False,EXTERNAL_EVIDENCE_BLOCKED,False,False,PARK,Method is anodic polarization and structures are not normalized here.,Do not treat as clean CV onset.
EXT_NANO2025_4BD_EDOT,SRC010,4BD-EDOT,4BD-EDOT,,,,False,biphenyl_edot,monomer_oxidation_onset,NON_CV_POLARIZATION_ONSET,0.85,V,Ag/AgCl,agagcl,Direct Ag/AgCl reference.,,0,0.85,CH2Cl2,DCM,,0.1 M Bu4NPF6,0.1,,Pt,Pt,,anodic polarization,source reported,10.3390/nano15211643,Nanomaterials 2025 biphenyl-EDOT polymers,Figure 1 anodic polarization curves,Article/SI structures; not machine-normalized here,Polymerization potentials reported from anodic polarization curves.,meas-93fe50ae55306dca,combo-459c398a9d7df94a,model-b2d4ec19042d17b1,,False,False,False,False,False,False,EXTERNAL_EVIDENCE_BLOCKED,False,False,PARK,Method is anodic polarization and structures are not normalized here.,Do not treat as clean CV onset.
EXT_TERFURAN_POLARIZATION,SRC014,3Fu,"2,2':5',2''-terfuran",c1cc(oc1)-c2cc(oc2)-c3ccoc3,c1coc(-c2coc(-c3ccoc3)c2)c1,DQHNEDVPRRSXIA-UHFFFAOYSA-N,True,furan_oligomer,monomer_oxidation_onset,NON_CV_POLARIZATION_ONSET,0.7,V,Ag/AgCl,agagcl,Direct Ag/AgCl reference.,,0,0.7,CH2Cl2,DCM,,0.1 M Bu4NPF6,0.1,0.01,Pt,Pt,,anodic polarization,source reported,10.1039/C4RA00437J,Zhen et al. 2014 furan-based monomers,Section 3.2.1 anodic polarization curves,Article structures,Onset oxidation potentials reported from anodic polarization curves.,meas-8e7f8c26eddcac26,combo-8f77171af493b8a1,model-641f960785060a0b,,False,False,False,False,False,False,EXTERNAL_EVIDENCE_BLOCKED,False,False,PARK,"Method is anodic polarization, not clean CV.",Classified by actual method despite onset wording.
EXT_TF_ONSET,SRC007,TF,2-(2-thienyl)furan,c1oc(cc1)c2cccs2,c1coc(-c2cccs2)c1,RVYKTPRETIBSPK-UHFFFAOYSA-N,True,furan_thiophene,monomer_oxidation_onset,CLEAN_CV_ONSET_AGAGCL,1.19,V,Ag/AgCl,agagcl,Direct Ag/AgCl reference.,,0,1.19,acetonitrile,acetonitrile,,0.2 M LiClO4,0.2,0.002,ITO,Pt,100,cyclic voltammetry,first scan,10.3390/membranes11020125,Membranes 2021 electrochromic polymer membranes,Figure 2; electrooxidation curve text,Monomer list in experimental/synthesis section,TF Eonset reported as 1.19 V vs Ag/AgCl.,meas-35901f63236edc28,combo-4704d73795c09a38,model-5c72a767286195d3,,True,True,True,True,False,False,EXTERNAL_EVIDENCE_READY,True,False,ADD_NEW_BENCHMARK_ROW,,Clean direct-Ag/AgCl monomer onset.
EXT_THINSOLID2012_PAYWALLED,SRC011,Thin Solid Films 2012 candidate,Thin Solid Films 2012 candidate,,,,False,,monomer_oxidation_onset,PROVENANCE_BLOCKED,,V,,agagcl,,,,,,,,,,,,,,cyclic voltammetry,source reported,10.1016/j.thinsolidfilms.2012.10.050,Thin Solid Films 2012 candidate,DOI resolver/publisher landing only; no lawful open PDF downloaded,not normalized,No lawful open PDF was retrieved; do not use for production ingest.,meas-d191c429efccadce,combo-078dff7ff238a6df,model-20c811c76acc2972,,False,False,False,False,False,False,EXTERNAL_EVIDENCE_BLOCKED,False,False,PARK,No lawful open PDF was retrieved; do not use for production ingest.,Provenance retained for later manual normalization.
EXT_ZHU_M1,SRC015,M1,Zhu 2017 monomer M1,,,,False,thienothiophene_edot,monomer_oxidation_onset,MIXED_SOLVENT_PARKED,-0.05,V,Fc/Fc+,native_fc,Native Fc/Fc+ values retained; no DCM/mixed-solvent Ag/AgCl conversion.,,,,DCM/ACN,DCM/ACN,4:1 v/v,0.1 M TBAPF6,0.1,,Pt,Pt,100,cyclic voltammetry,first scan,10.1007/s11426-016-0305-9,Zhu et al. 2017 thienothiophene/EDOT monomers,Table 1 footnote and Figure 1 discussion,Scheme/table structures; not machine-normalized here,Onset oxidation potentials reported vs Fc/Fc+.,meas-d2f0cd88ec35879d,combo-3ea151fc90a4424a,model-9f62edd5331a337a,,False,False,False,False,False,False,EXTERNAL_EVIDENCE_BLOCKED,False,False,PARK,Mixed-solvent native-Fc row stays parked; no MeCN Fc conversion applied.,Native-Fc track remains separate from current Ag/AgCl pipeline.
EXT_ZHU_M10,SRC015,M10,Zhu 2017 monomer M10,,,,False,thienothiophene_edot,monomer_oxidation_onset,REJECT,0.59,V,Fc/Fc+,native_fc,Native Fc/Fc+ values retained; no DCM/mixed-solvent Ag/AgCl conversion.,,,,DCM,DCM,,0.1 M TBAPF6,0.1,,Pt,Pt,100,cyclic voltammetry,first scan,10.1007/s11426-016-0305-9,Zhu et al. 2017 thienothiophene/EDOT monomers,Table 1 footnote and Figure 1 discussion,Scheme/table structures; not machine-normalized here,Onset oxidation potentials reported vs Fc/Fc+.,meas-46dc400c4094b965,combo-fa161b9fdc5d12c4,model-4df6e5a8ddf82246,,False,False,False,False,False,False,EXTERNAL_EVIDENCE_BLOCKED,False,False,REJECT,Source states M10 was not easily electropolymerized; reject for benchmark ingest.,Native-Fc track remains separate from current Ag/AgCl pipeline.
EXT_ZHU_M2,SRC015,M2,Zhu 2017 monomer M2,,,,False,thienothiophene_edot,monomer_oxidation_onset,MIXED_SOLVENT_PARKED,0.1,V,Fc/Fc+,native_fc,Native Fc/Fc+ values retained; no DCM/mixed-solvent Ag/AgCl conversion.,,,,DCM/ACN,DCM/ACN,3:1 v/v,0.1 M TBAPF6,0.1,,Pt,Pt,100,cyclic voltammetry,first scan,10.1007/s11426-016-0305-9,Zhu et al. 2017 thienothiophene/EDOT monomers,Table 1 footnote and Figure 1 discussion,Scheme/table structures; not machine-normalized here,Onset oxidation potentials reported vs Fc/Fc+.,meas-9558df9c2fa3d5ed,combo-1be7a464d4f8f099,model-d9126e58204219e7,,False,False,False,False,False,False,EXTERNAL_EVIDENCE_BLOCKED,False,False,PARK,Mixed-solvent native-Fc row stays parked; no MeCN Fc conversion applied.,Native-Fc track remains separate from current Ag/AgCl pipeline.
EXT_ZHU_M3,SRC015,M3,Zhu 2017 monomer M3,,,,False,thienothiophene_edot,monomer_oxidation_onset,MIXED_SOLVENT_PARKED,0.13,V,Fc/Fc+,native_fc,Native Fc/Fc+ values retained; no DCM/mixed-solvent Ag/AgCl conversion.,,,,DCM/ACN,DCM/ACN,3:1 v/v,0.1 M TBAPF6,0.1,,Pt,Pt,100,cyclic voltammetry,first scan,10.1007/s11426-016-0305-9,Zhu et al. 2017 thienothiophene/EDOT monomers,Table 1 footnote and Figure 1 discussion,Scheme/table structures; not machine-normalized here,Onset oxidation potentials reported vs Fc/Fc+.,meas-74776bdec7b5b82d,combo-026468a3ba7b523e,model-aa45757d0ad66688,,False,False,False,False,False,False,EXTERNAL_EVIDENCE_BLOCKED,False,False,PARK,Mixed-solvent native-Fc row stays parked; no MeCN Fc conversion applied.,Native-Fc track remains separate from current Ag/AgCl pipeline.
EXT_ZHU_M4,SRC015,M4,Zhu 2017 monomer M4,,,,False,thienothiophene_edot,monomer_oxidation_onset,CLEAN_CV_ONSET_NATIVE_FC,0.27,V,Fc/Fc+,native_fc,Native Fc/Fc+ values retained; no DCM/mixed-solvent Ag/AgCl conversion.,,,,DCM,DCM,,0.1 M TBAPF6,0.1,,Pt,Pt,100,cyclic voltammetry,first scan,10.1007/s11426-016-0305-9,Zhu et al. 2017 thienothiophene/EDOT monomers,Table 1 footnote and Figure 1 discussion,Scheme/table structures; not machine-normalized here,Onset oxidation potentials reported vs Fc/Fc+.,meas-8838613b3ac666db,combo-9423dbcc19e29d46,model-58da2e6892f0e10a,,True,False,False,False,False,False,EXTERNAL_EVIDENCE_BLOCKED,False,False,PARK,Exact machine-auditable structure not normalized; retain native Fc track only.,Native-Fc track remains separate from current Ag/AgCl pipeline.
EXT_ZHU_M5,SRC015,M5,Zhu 2017 monomer M5,,,,False,thienothiophene_edot,monomer_oxidation_onset,CLEAN_CV_ONSET_NATIVE_FC,0.06,V,Fc/Fc+,native_fc,Native Fc/Fc+ values retained; no DCM/mixed-solvent Ag/AgCl conversion.,,,,DCM,DCM,,0.1 M TBAPF6,0.1,,Pt,Pt,100,cyclic voltammetry,first scan,10.1007/s11426-016-0305-9,Zhu et al. 2017 thienothiophene/EDOT monomers,Table 1 footnote and Figure 1 discussion,Scheme/table structures; not machine-normalized here,Onset oxidation potentials reported vs Fc/Fc+.,meas-bc32e816184feba2,combo-6e6c66005115a4f3,model-4c9bba25ee7d1a5f,,True,False,False,False,False,False,EXTERNAL_EVIDENCE_BLOCKED,False,False,PARK,Exact machine-auditable structure not normalized; retain native Fc track only.,Native-Fc track remains separate from current Ag/AgCl pipeline.
EXT_ZHU_M6,SRC015,M6,Zhu 2017 monomer M6,,,,False,thienothiophene_edot,monomer_oxidation_onset,CLEAN_CV_ONSET_NATIVE_FC,0.12,V,Fc/Fc+,native_fc,Native Fc/Fc+ values retained; no DCM/mixed-solvent Ag/AgCl conversion.,,,,DCM,DCM,,0.1 M TBAPF6,0.1,,Pt,Pt,100,cyclic voltammetry,first scan,10.1007/s11426-016-0305-9,Zhu et al. 2017 thienothiophene/EDOT monomers,Table 1 footnote and Figure 1 discussion,Scheme/table structures; not machine-normalized here,Onset oxidation potentials reported vs Fc/Fc+.,meas-65313261e1c1d322,combo-7cf670ae95a968a8,model-6d7ecdaa1ee2e8d8,,True,False,False,False,False,False,EXTERNAL_EVIDENCE_BLOCKED,False,False,PARK,Exact machine-auditable structure not normalized; retain native Fc track only.,Native-Fc track remains separate from current Ag/AgCl pipeline.
EXT_ZHU_M7,SRC015,M7,Zhu 2017 monomer M7,,,,False,thienothiophene_edot,monomer_oxidation_onset,MIXED_SOLVENT_PARKED,0.39,V,Fc/Fc+,native_fc,Native Fc/Fc+ values retained; no DCM/mixed-solvent Ag/AgCl conversion.,,,,CHCl3/ACN,CHCl3/ACN,4:1 v/v,0.1 M TBAPF6,0.1,,Pt,Pt,100,cyclic voltammetry,first scan,10.1007/s11426-016-0305-9,Zhu et al. 2017 thienothiophene/EDOT monomers,Table 1 footnote and Figure 1 discussion,Scheme/table structures; not machine-normalized here,Onset oxidation potentials reported vs Fc/Fc+.,meas-3f9bcbf6a378e5e5,combo-56bac97cda52964d,model-be95712114b0f602,,False,False,False,False,False,False,EXTERNAL_EVIDENCE_BLOCKED,False,False,PARK,Mixed-solvent native-Fc row stays parked; no MeCN Fc conversion applied.,Native-Fc track remains separate from current Ag/AgCl pipeline.
EXT_ZHU_M8,SRC015,M8,Zhu 2017 monomer M8,,,,False,thienothiophene_edot,monomer_oxidation_onset,MIXED_SOLVENT_PARKED,0.34,V,Fc/Fc+,native_fc,Native Fc/Fc+ values retained; no DCM/mixed-solvent Ag/AgCl conversion.,,,,DCM/THF,DCM/THF,3:2 v/v,0.1 M TBAPF6,0.1,,Pt,Pt,100,cyclic voltammetry,first scan,10.1007/s11426-016-0305-9,Zhu et al. 2017 thienothiophene/EDOT monomers,Table 1 footnote and Figure 1 discussion,Scheme/table structures; not machine-normalized here,Onset oxidation potentials reported vs Fc/Fc+.,meas-bfc0f2cdc1527a33,combo-08831469f38842a5,model-209996ea80a26c4b,,False,False,False,False,False,False,EXTERNAL_EVIDENCE_BLOCKED,False,False,PARK,Mixed-solvent native-Fc row stays parked; no MeCN Fc conversion applied.,Native-Fc track remains separate from current Ag/AgCl pipeline.
EXT_ZHU_M9,SRC015,M9,Zhu 2017 monomer M9,,,,False,thienothiophene_edot,monomer_oxidation_onset,CLEAN_CV_ONSET_NATIVE_FC,0.26,V,Fc/Fc+,native_fc,Native Fc/Fc+ values retained; no DCM/mixed-solvent Ag/AgCl conversion.,,,,DCM,DCM,,0.1 M TBAPF6,0.1,,Pt,Pt,100,cyclic voltammetry,first scan,10.1007/s11426-016-0305-9,Zhu et al. 2017 thienothiophene/EDOT monomers,Table 1 footnote and Figure 1 discussion,Scheme/table structures; not machine-normalized here,Onset oxidation potentials reported vs Fc/Fc+.,meas-132e51ecefc6fcab,combo-814fed363d566f68,model-5a2abcc2308c9183,,True,False,False,False,False,False,EXTERNAL_EVIDENCE_BLOCKED,False,False,PARK,Exact machine-auditable structure not normalized; retain native Fc track only.,Native-Fc track remains separate from current Ag/AgCl pipeline.
